
2026-05-27T00:56:14.5974458+05:30 flutter pub get
2026-05-27T00:56:17.9345198+05:30 Resolving dependencies...
2026-05-27T00:56:18.4374328+05:30 Downloading packages...
2026-05-27T00:56:18.7613657+05:30   async 2.13.0 (2.13.1 available)
2026-05-27T00:56:18.7638727+05:30   audio_session 0.2.2 (0.2.3 available)
2026-05-27T00:56:18.7653845+05:30   awesome_notifications 0.10.1 (0.11.0 available)
2026-05-27T00:56:18.7663804+05:30   bloc 9.2.0 (9.2.1 available)
2026-05-27T00:56:18.7678941+05:30   chewie 1.13.0 (1.14.1 available)
2026-05-27T00:56:18.7698868+05:30   cli_util 0.4.2 (0.5.1 available)
2026-05-27T00:56:18.7714053+05:30   code_assets 1.0.0 (1.1.0 available)
2026-05-27T00:56:18.7742925+05:30   connectivity_plus 7.0.0 (7.1.1 available)
2026-05-27T00:56:18.7758073+05:30   connectivity_plus_platform_interface 2.0.1 (2.1.0 available)
2026-05-27T00:56:18.7768010+05:30   cupertino_icons 1.0.8 (1.0.9 available)
2026-05-27T00:56:18.7788003+05:30   dbus 0.7.12 (0.7.13 available)
2026-05-27T00:56:18.7803088+05:30   dchs_motion_sensors 2.0.1 (2.0.2 available)
2026-05-27T00:56:18.7813091+05:30   file_picker 10.3.10 (11.0.2 available)
2026-05-27T00:56:18.7838175+05:30   fl_chart 0.69.2 (1.2.0 available)
2026-05-27T00:56:18.7848182+05:30   flutter_plugin_android_lifecycle 2.0.33 (2.0.34 available)
2026-05-27T00:56:18.7868144+05:30   flutter_svg 2.2.4 (2.3.0 available)
2026-05-27T00:56:18.7880753+05:30   flutter_typeahead 5.2.0 (6.0.0 available)
2026-05-27T00:56:18.7894898+05:30   flutter_widget_from_html 0.17.1 (0.17.2 available)
2026-05-27T00:56:18.7904674+05:30   flutter_widget_from_html_core 0.17.0 (0.17.2 available)
2026-05-27T00:56:18.7914625+05:30   fluttertoast 8.2.14 (9.1.0 available)
2026-05-27T00:56:18.7935807+05:30   fwfh_webview 0.15.6 (0.15.7 available)
2026-05-27T00:56:18.7945798+05:30   geocoding_android 4.0.1 (5.0.1 available)
2026-05-27T00:56:18.7955817+05:30   geocoding_platform_interface 3.2.0 (5.0.0 available)
2026-05-27T00:56:18.7960941+05:30   google_maps_flutter 2.15.0 (2.17.0 available)
2026-05-27T00:56:18.7970881+05:30   google_maps_flutter_ios 2.18.0 (2.18.1 available)
2026-05-27T00:56:18.7990869+05:30   google_maps_flutter_web 0.6.1 (0.6.2+1 available)
2026-05-27T00:56:18.8000857+05:30   google_mobile_ads 6.0.0 (8.0.0 available)
2026-05-27T00:56:18.8010861+05:30   google_sign_in_android 7.2.9 (7.2.11 available)
2026-05-27T00:56:18.8020858+05:30   google_sign_in_web 1.1.2 (1.1.3 available)
2026-05-27T00:56:18.8040837+05:30   hooks 1.0.2 (2.0.0 available)
2026-05-27T00:56:18.8076348+05:30   image 4.5.4 (4.9.0 available)
2026-05-27T00:56:18.8181542+05:30   image_cropper 11.0.0 (12.2.1 available)
2026-05-27T00:56:18.8196656+05:30   image_picker 1.2.1 (1.2.2 available)
2026-05-27T00:56:18.8261648+05:30   image_picker_android 0.8.13+14 (0.8.13+17 available)
2026-05-27T00:56:18.8296712+05:30   in_app_purchase_android 0.4.0+8 (0.4.0+11 available)
2026-05-27T00:56:18.8321782+05:30   in_app_purchase_storekit 0.4.8+1 (0.4.9 available)
2026-05-27T00:56:18.8346851+05:30   in_app_review 2.0.11 (2.0.12 available)
2026-05-27T00:56:18.8361994+05:30   json_annotation 4.11.0 (4.12.0 available)
2026-05-27T00:56:18.8371936+05:30   lottie 3.3.2 (3.3.3 available)
2026-05-27T00:56:18.8416986+05:30   matcher 0.12.19 (0.12.20 available)
2026-05-27T00:56:18.8462040+05:30   meta 1.18.0 (1.18.2 available)
2026-05-27T00:56:18.8482034+05:30   native_toolchain_c 0.17.5 (0.19.0 available)
2026-05-27T00:56:18.8517097+05:30   objective_c 9.3.0 (9.4.1 available)
2026-05-27T00:56:18.8566589+05:30   omni_video_player 3.8.7 (3.9.4 available)
2026-05-27T00:56:18.8581650+05:30   package_info_plus 9.0.0 (10.1.0 available)
2026-05-27T00:56:18.8591638+05:30   package_info_plus_platform_interface 3.2.1 (4.1.0 available)
2026-05-27T00:56:18.8611629+05:30   path_provider_android 2.2.22 (2.3.1 available)
2026-05-27T00:56:18.8611629+05:30   pdf 3.11.3 (3.12.0 available)
2026-05-27T00:56:18.8636201+05:30   printing 5.14.2 (5.14.3 available)
2026-05-27T00:56:18.8646199+05:30   qr 3.0.2 (4.0.0 available)
2026-05-27T00:56:18.8666178+05:30   record 6.2.0 (6.2.1 available)
2026-05-27T00:56:18.8676179+05:30   record_android 1.5.1 (1.5.2 available)
2026-05-27T00:56:18.8681317+05:30   record_ios 1.2.0 (1.2.1 available)
2026-05-27T00:56:18.8691261+05:30   record_linux 1.3.0 (1.3.1 available)
2026-05-27T00:56:18.8711835+05:30   record_macos 1.2.1 (1.2.2 available)
2026-05-27T00:56:18.8721767+05:30   record_platform_interface 1.5.0 (1.6.0 available)
2026-05-27T00:56:18.8732966+05:30   share_plus 12.0.1 (13.1.0 available)
2026-05-27T00:56:18.8743092+05:30   share_plus_platform_interface 6.1.0 (7.1.0 available)
2026-05-27T00:56:18.8753215+05:30   shared_preferences 2.5.4 (2.5.5 available)
2026-05-27T00:56:18.8773481+05:30   shared_preferences_android 2.4.21 (2.4.23 available)
2026-05-27T00:56:18.8783605+05:30   shared_preferences_platform_interface 2.4.1 (2.4.2 available)
2026-05-27T00:56:18.8793745+05:30   sign_in_with_apple 7.0.1 (8.0.0 available)
2026-05-27T00:56:18.8813981+05:30   sqflite 2.4.2 (2.4.2+1 available)
2026-05-27T00:56:18.8824103+05:30   sqflite_android 2.4.1 (2.4.2+3 available)
2026-05-27T00:56:18.8834285+05:30   sqflite_common 2.5.6 (2.5.8 available)
2026-05-27T00:56:18.8854549+05:30   synchronized 3.4.0 (3.4.0+1 available)
2026-05-27T00:56:18.8864667+05:30   test_api 0.7.11 (0.7.12 available)
2026-05-27T00:56:18.8884979+05:30   timezone 0.10.1 (0.11.0 available)
2026-05-27T00:56:18.8895122+05:30   url_launcher_android 6.3.28 (6.3.30 available)
2026-05-27T00:56:18.8915377+05:30   url_launcher_web 2.4.2 (2.4.3 available)
2026-05-27T00:56:18.8925514+05:30   vector_graphics 1.1.19 (1.2.2 available)
2026-05-27T00:56:18.8945753+05:30   vector_graphics_compiler 1.2.0 (1.2.3 available)
2026-05-27T00:56:18.8955877+05:30   vector_math 2.2.0 (2.3.0 available)
2026-05-27T00:56:18.8976149+05:30   video_player 2.11.0 (2.11.1 available)
2026-05-27T00:56:18.8986275+05:30   video_player_android 2.9.4 (2.9.5 available)
2026-05-27T00:56:18.8996401+05:30   video_player_avfoundation 2.9.4 (2.9.7 available)
2026-05-27T00:56:18.9016669+05:30   video_player_platform_interface 6.6.0 (6.7.0 available)
2026-05-27T00:56:18.9026828+05:30   vm_service 15.0.2 (15.2.0 available)
2026-05-27T00:56:18.9047182+05:30   volume_controller 3.4.2 (3.5.0 available)
2026-05-27T00:56:18.9057303+05:30   wakelock_plus 1.4.0 (1.6.1 available)
2026-05-27T00:56:18.9077558+05:30   wakelock_plus_platform_interface 1.3.0 (1.5.1 available)
2026-05-27T00:56:18.9087694+05:30   webview_flutter_android 4.10.13 (4.12.0 available)
2026-05-27T00:56:18.9107979+05:30   webview_flutter_platform_interface 2.14.0 (2.15.1 available)
2026-05-27T00:56:18.9118090+05:30   webview_flutter_wkwebview 3.23.8 (3.25.1 available)
2026-05-27T00:56:18.9128237+05:30   win32 5.15.0 (6.3.0 available)
2026-05-27T00:56:18.9148511+05:30   xml 6.6.1 (7.0.1 available)
2026-05-27T00:56:18.9168801+05:30   youtube_explode_dart 3.0.5 (3.1.0 available)
2026-05-27T00:56:18.9189129+05:30 Got dependencies!
2026-05-27T00:56:18.9209408+05:30 87 packages have newer versions incompatible with dependency constraints.
2026-05-27T00:56:18.9219680+05:30 Try `flutter pub outdated` for more information.
2026-05-27T00:56:19.7193096+05:30 flutter build apk --release
2026-05-27T00:56:22.6558208+05:30 Resolving dependencies...
2026-05-27T00:56:23.1354187+05:30 Downloading packages...
2026-05-27T00:56:23.4781379+05:30   async 2.13.0 (2.13.1 available)
2026-05-27T00:56:23.4913321+05:30   audio_session 0.2.2 (0.2.3 available)
2026-05-27T00:56:23.4933668+05:30   awesome_notifications 0.10.1 (0.11.0 available)
2026-05-27T00:56:23.4953993+05:30   bloc 9.2.0 (9.2.1 available)
2026-05-27T00:56:23.4974259+05:30   chewie 1.13.0 (1.14.1 available)
2026-05-27T00:56:23.4994638+05:30   cli_util 0.4.2 (0.5.1 available)
2026-05-27T00:56:23.5004807+05:30   code_assets 1.0.0 (1.1.0 available)
2026-05-27T00:56:23.5025144+05:30   connectivity_plus 7.0.0 (7.1.1 available)
2026-05-27T00:56:23.5035355+05:30   connectivity_plus_platform_interface 2.0.1 (2.1.0 available)
2026-05-27T00:56:23.5055675+05:30   cupertino_icons 1.0.8 (1.0.9 available)
2026-05-27T00:56:23.5065814+05:30   dbus 0.7.12 (0.7.13 available)
2026-05-27T00:56:23.5086140+05:30   dchs_motion_sensors 2.0.1 (2.0.2 available)
2026-05-27T00:56:23.5096306+05:30   file_picker 10.3.10 (11.0.2 available)
2026-05-27T00:56:23.5116606+05:30   fl_chart 0.69.2 (1.2.0 available)
2026-05-27T00:56:23.5126780+05:30   flutter_plugin_android_lifecycle 2.0.33 (2.0.34 available)
2026-05-27T00:56:23.5137136+05:30   flutter_svg 2.2.4 (2.3.0 available)
2026-05-27T00:56:23.5147365+05:30   flutter_typeahead 5.2.0 (6.0.0 available)
2026-05-27T00:56:23.5157784+05:30   flutter_widget_from_html 0.17.1 (0.17.2 available)
2026-05-27T00:56:23.5168177+05:30   flutter_widget_from_html_core 0.17.0 (0.17.2 available)
2026-05-27T00:56:23.5178587+05:30   fluttertoast 8.2.14 (9.1.0 available)
2026-05-27T00:56:23.5188698+05:30   fwfh_webview 0.15.6 (0.15.7 available)
2026-05-27T00:56:23.5209122+05:30   geocoding_android 4.0.1 (5.0.1 available)
2026-05-27T00:56:23.5219458+05:30   geocoding_platform_interface 3.2.0 (5.0.0 available)
2026-05-27T00:56:23.5229897+05:30   google_maps_flutter 2.15.0 (2.17.0 available)
2026-05-27T00:56:23.5240530+05:30   google_maps_flutter_ios 2.18.0 (2.18.1 available)
2026-05-27T00:56:23.5251621+05:30   google_maps_flutter_web 0.6.1 (0.6.2+1 available)
2026-05-27T00:56:23.5261797+05:30   google_mobile_ads 6.0.0 (8.0.0 available)
2026-05-27T00:56:23.5271926+05:30   google_sign_in_android 7.2.9 (7.2.11 available)
2026-05-27T00:56:23.5292633+05:30   google_sign_in_web 1.1.2 (1.1.3 available)
2026-05-27T00:56:23.5302869+05:30   hooks 1.0.2 (2.0.0 available)
2026-05-27T00:56:23.5323121+05:30   image 4.5.4 (4.9.0 available)
2026-05-27T00:56:23.5353574+05:30   image_cropper 11.0.0 (12.2.1 available)
2026-05-27T00:56:23.5363690+05:30   image_picker 1.2.1 (1.2.2 available)
2026-05-27T00:56:23.5373849+05:30   image_picker_android 0.8.13+14 (0.8.13+17 available)
2026-05-27T00:56:23.5404325+05:30   in_app_purchase_android 0.4.0+8 (0.4.0+11 available)
2026-05-27T00:56:23.5434691+05:30   in_app_purchase_storekit 0.4.8+1 (0.4.9 available)
2026-05-27T00:56:23.5444818+05:30   in_app_review 2.0.11 (2.0.12 available)
2026-05-27T00:56:23.5465052+05:30   json_annotation 4.11.0 (4.12.0 available)
2026-05-27T00:56:23.5485300+05:30   lottie 3.3.2 (3.3.3 available)
2026-05-27T00:56:23.5495414+05:30   matcher 0.12.19 (0.12.20 available)
2026-05-27T00:56:23.5505544+05:30   meta 1.18.0 (1.18.2 available)
2026-05-27T00:56:23.5515670+05:30   native_toolchain_c 0.17.5 (0.19.0 available)
2026-05-27T00:56:23.5525797+05:30   objective_c 9.3.0 (9.4.1 available)
2026-05-27T00:56:23.5535912+05:30   omni_video_player 3.8.7 (3.9.4 available)
2026-05-27T00:56:23.5556238+05:30   package_info_plus 9.0.0 (10.1.0 available)
2026-05-27T00:56:23.5566378+05:30   package_info_plus_platform_interface 3.2.1 (4.1.0 available)
2026-05-27T00:56:23.5576541+05:30   path_provider_android 2.2.22 (2.3.1 available)
2026-05-27T00:56:23.5586684+05:30   pdf 3.11.3 (3.12.0 available)
2026-05-27T00:56:23.5596829+05:30   printing 5.14.2 (5.14.3 available)
2026-05-27T00:56:23.5617109+05:30   qr 3.0.2 (4.0.0 available)
2026-05-27T00:56:23.5627265+05:30   record 6.2.0 (6.2.1 available)
2026-05-27T00:56:23.5647525+05:30   record_android 1.5.1 (1.5.2 available)
2026-05-27T00:56:23.5657642+05:30   record_ios 1.2.0 (1.2.1 available)
2026-05-27T00:56:23.5667782+05:30   record_linux 1.3.0 (1.3.1 available)
2026-05-27T00:56:23.5677905+05:30   record_macos 1.2.1 (1.2.2 available)
2026-05-27T00:56:23.5688021+05:30   record_platform_interface 1.5.0 (1.6.0 available)
2026-05-27T00:56:23.5699421+05:30   share_plus 12.0.1 (13.1.0 available)
2026-05-27T00:56:23.5709447+05:30   share_plus_platform_interface 6.1.0 (7.1.0 available)
2026-05-27T00:56:23.5729431+05:30   shared_preferences 2.5.4 (2.5.5 available)
2026-05-27T00:56:23.5744557+05:30   shared_preferences_android 2.4.21 (2.4.23 available)
2026-05-27T00:56:23.5754490+05:30   shared_preferences_platform_interface 2.4.1 (2.4.2 available)
2026-05-27T00:56:23.5764488+05:30   sign_in_with_apple 7.0.1 (8.0.0 available)
2026-05-27T00:56:23.5779491+05:30   sqflite 2.4.2 (2.4.2+1 available)
2026-05-27T00:56:23.5799414+05:30   sqflite_android 2.4.1 (2.4.2+3 available)
2026-05-27T00:56:23.5809413+05:30   sqflite_common 2.5.6 (2.5.8 available)
2026-05-27T00:56:23.5829399+05:30   synchronized 3.4.0 (3.4.0+1 available)
2026-05-27T00:56:23.5839393+05:30   test_api 0.7.11 (0.7.12 available)
2026-05-27T00:56:23.5854256+05:30   timezone 0.10.1 (0.11.0 available)
2026-05-27T00:56:23.5864115+05:30   url_launcher_android 6.3.28 (6.3.30 available)
2026-05-27T00:56:23.5884352+05:30   url_launcher_web 2.4.2 (2.4.3 available)
2026-05-27T00:56:23.5894296+05:30   vector_graphics 1.1.19 (1.2.2 available)
2026-05-27T00:56:23.5904284+05:30   vector_graphics_compiler 1.2.0 (1.2.3 available)
2026-05-27T00:56:23.5924272+05:30   vector_math 2.2.0 (2.3.0 available)
2026-05-27T00:56:23.5939432+05:30   video_player 2.11.0 (2.11.1 available)
2026-05-27T00:56:23.5949358+05:30   video_player_android 2.9.4 (2.9.5 available)
2026-05-27T00:56:23.5971832+05:30   video_player_avfoundation 2.9.4 (2.9.7 available)
2026-05-27T00:56:23.5981785+05:30   video_player_platform_interface 6.6.0 (6.7.0 available)
2026-05-27T00:56:23.5996921+05:30   vm_service 15.0.2 (15.2.0 available)
2026-05-27T00:56:23.6026839+05:30   volume_controller 3.4.2 (3.5.0 available)
2026-05-27T00:56:23.6031990+05:30   wakelock_plus 1.4.0 (1.6.1 available)
2026-05-27T00:56:23.6051916+05:30   wakelock_plus_platform_interface 1.3.0 (1.5.1 available)
2026-05-27T00:56:23.6061914+05:30   webview_flutter_android 4.10.13 (4.12.0 available)
2026-05-27T00:56:23.6076995+05:30   webview_flutter_platform_interface 2.14.0 (2.15.1 available)
2026-05-27T00:56:23.6096990+05:30   webview_flutter_wkwebview 3.23.8 (3.25.1 available)
2026-05-27T00:56:23.6114140+05:30   win32 5.15.0 (6.3.0 available)
2026-05-27T00:56:23.6133310+05:30   xml 6.6.1 (7.0.1 available)
2026-05-27T00:56:23.6143301+05:30   youtube_explode_dart 3.0.5 (3.1.0 available)
2026-05-27T00:56:23.6158502+05:30 Got dependencies!
2026-05-27T00:56:23.6168378+05:30 87 packages have newer versions incompatible with dependency constraints.
2026-05-27T00:56:23.6178372+05:30 Try `flutter pub outdated` for more information.
2026-05-27T00:56:32.4517806+05:30 Running Gradle task 'assembleRelease'...                        
2026-05-27T00:56:32.4629454+05:30 WARNING: Your Android app project: app located at: C:\Users\Sukoon\cursr\ebroker-sukoon-app\android\app\build.gradle
2026-05-27T00:56:32.4771478+05:30 applies the Kotlin Gradle Plugin, which will cause build failures in future versions of Flutter. 
2026-05-27T00:56:32.4791725+05:30 Please migrate your app to Built-in Kotlin using this guide: https://docs.flutter.dev/release/breaking-changes/migrate-to-built-in-kotlin/for-app-developers
2026-05-27T00:56:32.4801842+05:30 System.Management.Automation.RemoteException
2026-05-27T00:56:32.4832263+05:30 WARNING: Your app uses the following plugins that apply Kotlin Gradle Plugin (KGP): audio_session, dchs_motion_sensors, file_picker, flutter_html_to_pdf, flutter_image_compress_common, fluttertoast, google_maps_flutter_android, google_sign_in_android, in_app_review, package_info_plus, record_android, share_plus, shared_preferences_android, sign_in_with_apple, video_player_android, volume_controller, wakelock_plus, webview_flutter_android
2026-05-27T00:56:32.4842377+05:30 Future versions of Flutter will fail to build if your app uses plugins that apply KGP.
2026-05-27T00:56:32.4862636+05:30 System.Management.Automation.RemoteException
2026-05-27T00:56:32.5065363+05:30 Please check the changelogs of these plugins and upgrade to a version that supports Built-in Kotlin.
2026-05-27T00:56:32.5095787+05:30 If no such version exists, report the issue to the plugin. If necessary, here is a guide on filing 
2026-05-27T00:56:32.5116039+05:30 an issue against a plugin: https://docs.flutter.dev/release/breaking-changes/migrate-to-built-in-kotlin/for-app-developers#report-incompatible-kotlin-gradle-plugin-usage-to-plugin-authors
2026-05-27T00:56:32.5136289+05:30 System.Management.Automation.RemoteException
2026-05-27T00:56:32.5156559+05:30 If you are a plugin author, please migrate your plugin to Built-in Kotlin using this guide: https://docs.flutter.dev/release/breaking-changes/migrate-to-built-in-kotlin/for-plugin-authors
2026-05-27T00:57:36.6486913+05:30 Font asset "MaterialIcons-Regular.otf" was tree-shaken, reducing it from 1645184 to 11684 bytes (99.3% reduction). Tree-shaking can be disabled by providing the --no-tree-shake-icons flag when building your app.
2026-05-27T00:57:36.7554300+05:30 Font asset "CupertinoIcons.ttf" was tree-shaken, reducing it from 257628 to 1752 bytes (99.3% reduction). Tree-shaking can be disabled by providing the --no-tree-shake-icons flag when building your app.
2026-05-27T00:59:42.6795510+05:30 Note: Some input files use or override a deprecated API.
2026-05-27T00:59:42.6805505+05:30 Note: Recompile with -Xlint:deprecation for details.
2026-05-27T00:59:49.7072356+05:30 Note: Some input files use or override a deprecated API.
2026-05-27T00:59:49.7107446+05:30 Note: Recompile with -Xlint:deprecation for details.
2026-05-27T01:00:09.2670406+05:30 Note: Some input files use or override a deprecated API.
2026-05-27T01:00:09.2715552+05:30 Note: Recompile with -Xlint:deprecation for details.
2026-05-27T01:00:09.2735493+05:30 Note: Some input files use unchecked or unsafe operations.
2026-05-27T01:00:09.2750574+05:30 Note: Recompile with -Xlint:unchecked for details.
2026-05-27T01:00:31.3461871+05:30 Note: G:\develop\pub-cache\hosted\pub.dev\geocoding_android-4.0.1\android\src\main\java\com\baseflow\geocoding\utils\LocaleConverter.java uses or overrides a deprecated API.
2026-05-27T01:00:31.3481853+05:30 Note: Recompile with -Xlint:deprecation for details.
2026-05-27T01:01:54.6444346+05:30 Note: Some input files use or override a deprecated API.
2026-05-27T01:01:54.6464543+05:30 Note: Recompile with -Xlint:deprecation for details.
2026-05-27T01:01:57.2895721+05:30 G:\develop\pub-cache\hosted\pub.dev\sqflite_android-2.4.1\android\src\main\java\com\tekartik\sqflite\Utils.java:92: warning: [deprecation] Locale(String,String,String) in Locale has been deprecated
2026-05-27T01:01:57.2910792+05:30         return new Locale(language, country, variant);
2026-05-27T01:01:57.2920788+05:30                ^
2026-05-27T01:01:57.2935927+05:30 G:\develop\pub-cache\hosted\pub.dev\sqflite_android-2.4.1\android\src\main\java\com\tekartik\sqflite\Database.java:204: warning: [deprecation] getId() in Thread has been deprecated
2026-05-27T01:01:57.2955857+05:30         return id + "," + thread.getName() + "(" + thread.getId() + ")";
2026-05-27T01:01:57.2970963+05:30                                                          ^
2026-05-27T01:01:57.4109943+05:30 G:\develop\pub-cache\hosted\pub.dev\sqflite_android-2.4.1\android\src\main\java\com\tekartik\sqflite\LocaleUtils.java:48: warning: [deprecation] Locale(String,String,String) in Locale has been deprecated
2026-05-27T01:01:57.4135310+05:30         return new Locale(language, country, variant);
2026-05-27T01:01:57.4145255+05:30                ^
2026-05-27T01:01:57.5911113+05:30 3 warnings
2026-05-27T01:03:51.0879357+05:30 Info: Class kotlin.jvm.functions.Function0 has malformed kotlin.Metadata: java.lang.IllegalArgumentException: Provided Metadata instance has version 2.3.0, while maximum supported version is 2.2.0. To support newer versions, update the kotlin-metadata-jvm library.
2026-05-27T01:03:51.0959907+05:30 Info: Class kotlin.ranges.UIntProgression has malformed kotlin.Metadata: java.lang.IllegalArgumentException: Provided Metadata instance has version 2.3.0, while maximum supported version is 2.2.0. To support newer versions, update the kotlin-metadata-jvm library.
2026-05-27T01:03:51.0979834+05:30 Info: Class kotlin.sequences.DropSequence has malformed kotlin.Metadata: java.lang.IllegalArgumentException: Provided Metadata instance has version 2.3.0, while maximum supported version is 2.2.0. To support newer versions, update the kotlin-metadata-jvm library.
2026-05-27T01:03:51.4098304+05:30 Info: Class com.google.maps.android.StreetViewUtils$Companion has malformed kotlin.Metadata: java.lang.IllegalArgumentException: Provided Metadata instance has version 2.3.0, while maximum supported version is 2.2.0. To support newer versions, update the kotlin-metadata-jvm library.
2026-05-27T01:03:51.5346978+05:30 Info: Class kotlin.sequences.GeneratorSequence$iterator$1 has malformed kotlin.Metadata: java.lang.IllegalArgumentException: Provided Metadata instance has version 2.3.0, while maximum supported version is 2.2.0. To support newer versions, update the kotlin-metadata-jvm library.
2026-05-27T01:03:51.5356968+05:30 Info: Class kotlin.internal.jdk8.JDK8PlatformImplementations$getSystemClock$2 has malformed kotlin.Metadata: java.lang.IllegalArgumentException: Provided Metadata instance has version 2.3.0, while maximum supported version is 2.2.0. To support newer versions, update the kotlin-metadata-jvm library.
2026-05-27T01:03:51.5376964+05:30 Info: Class kotlin.collections.builders.MapBuilder$EntriesItr has malformed kotlin.Metadata: java.lang.IllegalArgumentException: Provided Metadata instance has version 2.3.0, while maximum supported version is 2.2.0. To support newer versions, update the kotlin-metadata-jvm library.
2026-05-27T01:03:51.5788430+05:30 Info: Class kotlin.collections.ArraysKt___ArraysKt$asSequence$$inlined$Sequence$6 has malformed kotlin.Metadata: java.lang.IllegalArgumentException: Provided Metadata instance has version 2.3.0, while maximum supported version is 2.2.0. To support newer versions, update the kotlin-metadata-jvm library.
2026-05-27T01:03:51.5808305+05:30 Info: Class kotlin.jdk7.AutoCloseableKt has malformed kotlin.Metadata: java.lang.IllegalArgumentException: Provided Metadata instance has version 2.3.0, while maximum supported version is 2.2.0. To support newer versions, update the kotlin-metadata-jvm library.
2026-05-27T01:03:51.5833382+05:30 Info: Class kotlin.LazyKt__LazyKt has malformed kotlin.Metadata: java.lang.IllegalArgumentException: Provided Metadata instance has version 2.3.0, while maximum supported version is 2.2.0. To support newer versions, update the kotlin-metadata-jvm library.
2026-05-27T01:03:51.8141418+05:30 Info: Class kotlin.time.AbstractDoubleTimeSource$DoubleTimeMark has malformed kotlin.Metadata: java.lang.IllegalArgumentException: Provided Metadata instance has version 2.3.0, while maximum supported version is 2.2.0. To support newer versions, update the kotlin-metadata-jvm library.
2026-05-27T01:03:51.8161406+05:30 Info: Class kotlin.coroutines.ContinuationInterceptor$Key has malformed kotlin.Metadata: java.lang.IllegalArgumentException: Provided Metadata instance has version 2.3.0, while maximum supported version is 2.2.0. To support newer versions, update the kotlin-metadata-jvm library.
2026-05-27T01:03:51.8176474+05:30 Info: Class kotlin.collections.builders.SetBuilder has malformed kotlin.Metadata: java.lang.IllegalArgumentException: Provided Metadata instance has version 2.3.0, while maximum supported version is 2.2.0. To support newer versions, update the kotlin-metadata-jvm library.
2026-05-27T01:03:51.8186465+05:30 Info: Class kotlin.collections.IntIterator has malformed kotlin.Metadata: java.lang.IllegalArgumentException: Provided Metadata instance has version 2.3.0, while maximum supported version is 2.2.0. To support newer versions, update the kotlin-metadata-jvm library.
2026-05-27T01:03:51.8201593+05:30 Info: Class kotlin.jvm.internal.IntSpreadBuilder has malformed kotlin.Metadata: java.lang.IllegalArgumentException: Provided Metadata instance has version 2.3.0, while maximum supported version is 2.2.0. To support newer versions, update the kotlin-metadata-jvm library.
2026-05-27T01:03:51.8211522+05:30 Info: Class kotlin.concurrent.atomics.AtomicsKt has malformed kotlin.Metadata: java.lang.IllegalArgumentException: Provided Metadata instance has version 2.3.0, while maximum supported version is 2.2.0. To support newer versions, update the kotlin-metadata-jvm library.
2026-05-27T01:03:51.8221518+05:30 Info: Class kotlin.text.HexFormat$BytesHexFormat has malformed kotlin.Metadata: java.lang.IllegalArgumentException: Provided Metadata instance has version 2.3.0, while maximum supported version is 2.2.0. To support newer versions, update the kotlin-metadata-jvm library.
2026-05-27T01:03:51.8261500+05:30 Info: Class kotlin.jvm.internal.LongSpreadBuilder has malformed kotlin.Metadata: java.lang.IllegalArgumentException: Provided Metadata instance has version 2.3.0, while maximum supported version is 2.2.0. To support newer versions, update the kotlin-metadata-jvm library.
2026-05-27T01:03:51.9180098+05:30 Info: Class kotlin.time.LongParser has malformed kotlin.Metadata: java.lang.IllegalArgumentException: Provided Metadata instance has version 2.3.0, while maximum supported version is 2.2.0. To support newer versions, update the kotlin-metadata-jvm library.
2026-05-27T01:03:51.9190046+05:30 Info: Class kotlin.internal.jdk8.JDK8PlatformImplementations$getSystemClock$1 has malformed kotlin.Metadata: java.lang.IllegalArgumentException: Provided Metadata instance has version 2.3.0, while maximum supported version is 2.2.0. To support newer versions, update the kotlin-metadata-jvm library.
2026-05-27T01:03:51.9215190+05:30 Info: Class com.google.maps.android.StreetViewJavaHelper$fetchStreetViewData$1 has malformed kotlin.Metadata: java.lang.IllegalArgumentException: Provided Metadata instance has version 2.3.0, while maximum supported version is 2.2.0. To support newer versions, update the kotlin-metadata-jvm library.
2026-05-27T01:03:51.9270397+05:30 Info: Class kotlin.ranges.UIntProgression$Companion has malformed kotlin.Metadata: java.lang.IllegalArgumentException: Provided Metadata instance has version 2.3.0, while maximum supported version is 2.2.0. To support newer versions, update the kotlin-metadata-jvm library.
2026-05-27T01:03:51.9290390+05:30 Info: Class kotlin.io.FilesKt__FilePathComponentsKt has malformed kotlin.Metadata: java.lang.IllegalArgumentException: Provided Metadata instance has version 2.3.0, while maximum supported version is 2.2.0. To support newer versions, update the kotlin-metadata-jvm library.
2026-05-27T01:03:51.9305475+05:30 Info: Class kotlin.collections.ArraysKt___ArraysKt$asSequence$$inlined$Sequence$5 has malformed kotlin.Metadata: java.lang.IllegalArgumentException: Provided Metadata instance has version 2.3.0, while maximum supported version is 2.2.0. To support newer versions, update the kotlin-metadata-jvm library.
2026-05-27T01:03:51.9315469+05:30 Info: Class kotlin.random.Random has malformed kotlin.Metadata: java.lang.IllegalArgumentException: Provided Metadata instance has version 2.3.0, while maximum supported version is 2.2.0. To support newer versions, update the kotlin-metadata-jvm library.
2026-05-27T01:03:51.9330688+05:30 Info: Class kotlin.time.TestTimeSource has malformed kotlin.Metadata: java.lang.IllegalArgumentException: Provided Metadata instance has version 2.3.0, while maximum supported version is 2.2.0. To support newer versions, update the kotlin-metadata-jvm library.
2026-05-27T01:03:51.9340557+05:30 Info: Class kotlin.coroutines.jvm.internal.DebugMetadata has malformed kotlin.Metadata: java.lang.IllegalArgumentException: Provided Metadata instance has version 2.3.0, while maximum supported version is 2.2.0. To support newer versions, update the kotlin-metadata-jvm library.
2026-05-27T01:03:52.0714787+05:30 Info: Class kotlin.InitializedLazyImpl has malformed kotlin.Metadata: java.lang.IllegalArgumentException: Provided Metadata instance has version 2.3.0, while maximum supported version is 2.2.0. To support newer versions, update the kotlin-metadata-jvm library.
2026-05-27T01:03:52.0729923+05:30 Info: Class kotlin.time.MonotonicTimeSource has malformed kotlin.Metadata: java.lang.IllegalArgumentException: Provided Metadata instance has version 2.3.0, while maximum supported version is 2.2.0. To support newer versions, update the kotlin-metadata-jvm library.
2026-05-27T01:03:52.0824907+05:30 Info: Class kotlin.sequences.SequencesKt___SequencesKt$filterIsInstance$1 has malformed kotlin.Metadata: java.lang.IllegalArgumentException: Provided Metadata instance has version 2.3.0, while maximum supported version is 2.2.0. To support newer versions, update the kotlin-metadata-jvm library.
2026-05-27T01:03:52.0840065+05:30 Info: Class kotlin.coroutines.jvm.internal.ContinuationImpl has malformed kotlin.Metadata: java.lang.IllegalArgumentException: Provided Metadata instance has version 2.3.0, while maximum supported version is 2.2.0. To support newer versions, update the kotlin-metadata-jvm library.
2026-05-27T01:03:52.0859982+05:30 Info: Class kotlin.experimental.ExperimentalObjCRefinement has malformed kotlin.Metadata: java.lang.IllegalArgumentException: Provided Metadata instance has version 2.3.0, while maximum supported version is 2.2.0. To support newer versions, update the kotlin-metadata-jvm library.
2026-05-27T01:03:52.0885052+05:30 Info: Class kotlin.contracts.InvocationKind has malformed kotlin.Metadata: java.lang.IllegalArgumentException: Provided Metadata instance has version 2.3.0, while maximum supported version is 2.2.0. To support newer versions, update the kotlin-metadata-jvm library.
2026-05-27T01:03:52.1020932+05:30 Info: Class kotlin.jvm.internal.ArrayIterator has malformed kotlin.Metadata: java.lang.IllegalArgumentException: Provided Metadata instance has version 2.3.0, while maximum supported version is 2.2.0. To support newer versions, update the kotlin-metadata-jvm library.
2026-05-27T01:03:52.1045976+05:30 Info: Class kotlin.reflect.GenericArrayTypeImpl has malformed kotlin.Metadata: java.lang.IllegalArgumentException: Provided Metadata instance has version 2.3.0, while maximum supported version is 2.2.0. To support newer versions, update the kotlin-metadata-jvm library.
2026-05-27T01:03:52.1488931+05:30 Info: Class kotlin.coroutines.jvm.internal.DebugMetadata$DefaultImpls has malformed kotlin.Metadata: java.lang.IllegalArgumentException: Provided Metadata instance has version 2.3.0, while maximum supported version is 2.2.0. To support newer versions, update the kotlin-metadata-jvm library.
2026-05-27T01:03:52.1498948+05:30 Info: Class kotlin.jvm.functions.Function2 has malformed kotlin.Metadata: java.lang.IllegalArgumentException: Provided Metadata instance has version 2.3.0, while maximum supported version is 2.2.0. To support newer versions, update the kotlin-metadata-jvm library.
2026-05-27T01:03:52.1519155+05:30 Info: Class kotlin.ranges.CharProgression has malformed kotlin.Metadata: java.lang.IllegalArgumentException: Provided Metadata instance has version 2.3.0, while maximum supported version is 2.2.0. To support newer versions, update the kotlin-metadata-jvm library.
2026-05-27T01:03:52.1524264+05:30 Info: Class kotlin.collections.SetsKt__SetsJVMKt has malformed kotlin.Metadata: java.lang.IllegalArgumentException: Provided Metadata instance has version 2.3.0, while maximum supported version is 2.2.0. To support newer versions, update the kotlin-metadata-jvm library.
2026-05-27T01:03:52.1534202+05:30 Info: Class kotlin.coroutines.CoroutineContext has malformed kotlin.Metadata: java.lang.IllegalArgumentException: Provided Metadata instance has version 2.3.0, while maximum supported version is 2.2.0. To support newer versions, update the kotlin-metadata-jvm library.
2026-05-27T01:03:52.1554191+05:30 Info: Class kotlin.collections.GroupingKt__GroupingKt has malformed kotlin.Metadata: java.lang.IllegalArgumentException: Provided Metadata instance has version 2.3.0, while maximum supported version is 2.2.0. To support newer versions, update the kotlin-metadata-jvm library.
2026-05-27T01:03:52.1579258+05:30 Info: Class kotlin.CompareToKt has malformed kotlin.Metadata: java.lang.IllegalArgumentException: Provided Metadata instance has version 2.3.0, while maximum supported version is 2.2.0. To support newer versions, update the kotlin-metadata-jvm library.
2026-05-27T01:03:52.3800089+05:30 Info: Class kotlin.sequences.USequencesKt has malformed kotlin.Metadata: java.lang.IllegalArgumentException: Provided Metadata instance has version 2.3.0, while maximum supported version is 2.2.0. To support newer versions, update the kotlin-metadata-jvm library.
2026-05-27T01:03:52.3839955+05:30 Info: Class kotlin.collections.ArraysKt___ArraysKt$asSequence$$inlined$Sequence$4 has malformed kotlin.Metadata: java.lang.IllegalArgumentException: Provided Metadata instance has version 2.3.0, while maximum supported version is 2.2.0. To support newer versions, update the kotlin-metadata-jvm library.
2026-05-27T01:03:52.3875055+05:30 Info: Class kotlin.reflect.KProperty1$Getter has malformed kotlin.Metadata: java.lang.IllegalArgumentException: Provided Metadata instance has version 2.3.0, while maximum supported version is 2.2.0. To support newer versions, update the kotlin-metadata-jvm library.
2026-05-27T01:03:52.3945378+05:30 Info: Class kotlin.coroutines.intrinsics.CoroutineSingletons has malformed kotlin.Metadata: java.lang.IllegalArgumentException: Provided Metadata instance has version 2.3.0, while maximum supported version is 2.2.0. To support newer versions, update the kotlin-metadata-jvm library.
2026-05-27T01:03:52.4015502+05:30 Info: Class kotlin.text.CharsKt__CharKt has malformed kotlin.Metadata: java.lang.IllegalArgumentException: Provided Metadata instance has version 2.3.0, while maximum supported version is 2.2.0. To support newer versions, update the kotlin-metadata-jvm library.
2026-05-27T01:03:52.4798762+05:30 Info: Class kotlin.sequences.IndexingSequence$iterator$1 has malformed kotlin.Metadata: java.lang.IllegalArgumentException: Provided Metadata instance has version 2.3.0, while maximum supported version is 2.2.0. To support newer versions, update the kotlin-metadata-jvm library.
2026-05-27T01:03:52.4833825+05:30 Info: Class kotlin.io.FileSystemException has malformed kotlin.Metadata: java.lang.IllegalArgumentException: Provided Metadata instance has version 2.3.0, while maximum supported version is 2.2.0. To support newer versions, update the kotlin-metadata-jvm library.
2026-05-27T01:03:52.5119873+05:30 Info: Class kotlin.Deprecated has malformed kotlin.Metadata: java.lang.IllegalArgumentException: Provided Metadata instance has version 2.3.0, while maximum supported version is 2.2.0. To support newer versions, update the kotlin-metadata-jvm library.
2026-05-27T01:03:52.5641340+05:30 Info: Class kotlin.time.TimeMark has malformed kotlin.Metadata: java.lang.IllegalArgumentException: Provided Metadata instance has version 2.3.0, while maximum supported version is 2.2.0. To support newer versions, update the kotlin-metadata-jvm library.
2026-05-27T01:03:52.5686404+05:30 Info: Class kotlin.collections.GroupingKt has malformed kotlin.Metadata: java.lang.IllegalArgumentException: Provided Metadata instance has version 2.3.0, while maximum supported version is 2.2.0. To support newer versions, update the kotlin-metadata-jvm library.
2026-05-27T01:03:52.5701716+05:30 Info: Class kotlin.ranges.LongProgression$Companion has malformed kotlin.Metadata: java.lang.IllegalArgumentException: Provided Metadata instance has version 2.3.0, while maximum supported version is 2.2.0. To support newer versions, update the kotlin-metadata-jvm library.
2026-05-27T01:03:52.5782130+05:30 Info: Class kotlin.enums.EnumEntriesSerializationProxy has malformed kotlin.Metadata: java.lang.IllegalArgumentException: Provided Metadata instance has version 2.3.0, while maximum supported version is 2.2.0. To support newer versions, update the kotlin-metadata-jvm library.
2026-05-27T01:03:52.5837150+05:30 Info: Class kotlin.jvm.functions.Function1 has malformed kotlin.Metadata: java.lang.IllegalArgumentException: Provided Metadata instance has version 2.3.0, while maximum supported version is 2.2.0. To support newer versions, update the kotlin-metadata-jvm library.
2026-05-27T01:03:52.5882222+05:30 Info: Class kotlin.ranges.ComparableRange has malformed kotlin.Metadata: java.lang.IllegalArgumentException: Provided Metadata instance has version 2.3.0, while maximum supported version is 2.2.0. To support newer versions, update the kotlin-metadata-jvm library.
2026-05-27T01:03:52.5992372+05:30 Info: Class kotlin.sequences.SequencesKt___SequencesKt$sorted$1 has malformed kotlin.Metadata: java.lang.IllegalArgumentException: Provided Metadata instance has version 2.3.0, while maximum supported version is 2.2.0. To support newer versions, update the kotlin-metadata-jvm library.
2026-05-27T01:03:52.6012359+05:30 Info: Class kotlin.jvm.internal.markers.KMutableList has malformed kotlin.Metadata: java.lang.IllegalArgumentException: Provided Metadata instance has version 2.3.0, while maximum supported version is 2.2.0. To support newer versions, update the kotlin-metadata-jvm library.
2026-05-27T01:03:52.6037436+05:30 Info: Class com.google.maps.android.quadtree.PointQuadTree has malformed kotlin.Metadata: java.lang.IllegalArgumentException: Provided Metadata instance has version 2.3.0, while maximum supported version is 2.2.0. To support newer versions, update the kotlin-metadata-jvm library.
2026-05-27T01:03:52.6047436+05:30 Info: Class kotlin.collections.MutableMapWithDefaultImpl has malformed kotlin.Metadata: java.lang.IllegalArgumentException: Provided Metadata instance has version 2.3.0, while maximum supported version is 2.2.0. To support newer versions, update the kotlin-metadata-jvm library.
2026-05-27T01:03:52.6062573+05:30 Info: Class kotlin.collections.ArraysKt___ArraysKt$asSequence$$inlined$Sequence$3 has malformed kotlin.Metadata: java.lang.IllegalArgumentException: Provided Metadata instance has version 2.3.0, while maximum supported version is 2.2.0. To support newer versions, update the kotlin-metadata-jvm library.
2026-05-27T01:03:52.6559992+05:30 Info: Class kotlin.reflect.WildcardTypeImpl has malformed kotlin.Metadata: java.lang.IllegalArgumentException: Provided Metadata instance has version 2.3.0, while maximum supported version is 2.2.0. To support newer versions, update the kotlin-metadata-jvm library.
2026-05-27T01:03:52.7985002+05:30 Info: Class kotlin.ExceptionsKt has malformed kotlin.Metadata: java.lang.IllegalArgumentException: Provided Metadata instance has version 2.3.0, while maximum supported version is 2.2.0. To support newer versions, update the kotlin-metadata-jvm library.
2026-05-27T01:03:52.8000076+05:30 Info: Class kotlin.internal.ContractsDsl has malformed kotlin.Metadata: java.lang.IllegalArgumentException: Provided Metadata instance has version 2.3.0, while maximum supported version is 2.2.0. To support newer versions, update the kotlin-metadata-jvm library.
2026-05-27T01:03:52.8010079+05:30 Info: Class kotlin.sequences.SequencesKt___SequencesKt$flatMapIndexed$2 has malformed kotlin.Metadata: java.lang.IllegalArgumentException: Provided Metadata instance has version 2.3.0, while maximum supported version is 2.2.0. To support newer versions, update the kotlin-metadata-jvm library.
2026-05-27T01:03:52.8025259+05:30 Info: Class kotlin.coroutines.RestrictsSuspension has malformed kotlin.Metadata: java.lang.IllegalArgumentException: Provided Metadata instance has version 2.3.0, while maximum supported version is 2.2.0. To support newer versions, update the kotlin-metadata-jvm library.
2026-05-27T01:03:52.8045162+05:30 Info: Class kotlin.sequences.FilteringSequence$iterator$1 has malformed kotlin.Metadata: java.lang.IllegalArgumentException: Provided Metadata instance has version 2.3.0, while maximum supported version is 2.2.0. To support newer versions, update the kotlin-metadata-jvm library.
2026-05-27T01:03:52.8536983+05:30 Info: Class kotlin.sequences.DropTakeSequence has malformed kotlin.Metadata: java.lang.IllegalArgumentException: Provided Metadata instance has version 2.3.0, while maximum supported version is 2.2.0. To support newer versions, update the kotlin-metadata-jvm library.
2026-05-27T01:03:52.9648976+05:30 Info: Class kotlin.ranges.OpenEndDoubleRange has malformed kotlin.Metadata: java.lang.IllegalArgumentException: Provided Metadata instance has version 2.3.0, while maximum supported version is 2.2.0. To support newer versions, update the kotlin-metadata-jvm library.
2026-05-27T01:03:52.9674047+05:30 Info: Class kotlin.coroutines.intrinsics.IntrinsicsKt__IntrinsicsJvmKt$createCoroutineFromSuspendFunction$1 has malformed kotlin.Metadata: java.lang.IllegalArgumentException: Provided Metadata instance has version 2.3.0, while maximum supported version is 2.2.0. To support newer versions, update the kotlin-metadata-jvm library.
2026-05-27T01:03:52.9834986+05:30 Info: Class kotlin.sequences.EmptySequence has malformed kotlin.Metadata: java.lang.IllegalArgumentException: Provided Metadata instance has version 2.3.0, while maximum supported version is 2.2.0. To support newer versions, update the kotlin-metadata-jvm library.
2026-05-27T01:03:52.9850144+05:30 Info: Class kotlin.reflect.TypesJVMKt$WhenMappings has malformed kotlin.Metadata: java.lang.IllegalArgumentException: Provided Metadata instance has version 2.3.0, while maximum supported version is 2.2.0. To support newer versions, update the kotlin-metadata-jvm library.
2026-05-27T01:03:52.9880055+05:30 Info: Class kotlin.io.ConsoleKt has malformed kotlin.Metadata: java.lang.IllegalArgumentException: Provided Metadata instance has version 2.3.0, while maximum supported version is 2.2.0. To support newer versions, update the kotlin-metadata-jvm library.
2026-05-27T01:03:53.0442248+05:30 Info: Class kotlin.coroutines.jvm.internal.RunSuspend has malformed kotlin.Metadata: java.lang.IllegalArgumentException: Provided Metadata instance has version 2.3.0, while maximum supported version is 2.2.0. To support newer versions, update the kotlin-metadata-jvm library.
2026-05-27T01:03:53.0452166+05:30 Info: Class kotlin.collections.ArrayDeque$Companion has malformed kotlin.Metadata: java.lang.IllegalArgumentException: Provided Metadata instance has version 2.3.0, while maximum supported version is 2.2.0. To support newer versions, update the kotlin-metadata-jvm library.
2026-05-27T01:03:53.0472153+05:30 Info: Class kotlin.collections.ArraysKt___ArraysKt$asSequence$$inlined$Sequence$2 has malformed kotlin.Metadata: java.lang.IllegalArgumentException: Provided Metadata instance has version 2.3.0, while maximum supported version is 2.2.0. To support newer versions, update the kotlin-metadata-jvm library.
2026-05-27T01:03:53.0477297+05:30 Info: Class kotlin.jvm.internal.markers.KMutableListIterator has malformed kotlin.Metadata: java.lang.IllegalArgumentException: Provided Metadata instance has version 2.3.0, while maximum supported version is 2.2.0. To support newer versions, update the kotlin-metadata-jvm library.
2026-05-27T01:03:53.0497234+05:30 Info: Class kotlin.ULongArray has malformed kotlin.Metadata: java.lang.IllegalArgumentException: Provided Metadata instance has version 2.3.0, while maximum supported version is 2.2.0. To support newer versions, update the kotlin-metadata-jvm library.
2026-05-27T01:03:53.1505981+05:30 Info: Class kotlin.jvm.internal.ShortSpreadBuilder has malformed kotlin.Metadata: java.lang.IllegalArgumentException: Provided Metadata instance has version 2.3.0, while maximum supported version is 2.2.0. To support newer versions, update the kotlin-metadata-jvm library.
2026-05-27T01:03:53.1515909+05:30 Info: Class kotlin.text.StringsKt__StringBuilderJVMKt has malformed kotlin.Metadata: java.lang.IllegalArgumentException: Provided Metadata instance has version 2.3.0, while maximum supported version is 2.2.0. To support newer versions, update the kotlin-metadata-jvm library.
2026-05-27T01:03:53.1535899+05:30 Info: Class kotlin.NumbersKt__NumbersJVMKt has malformed kotlin.Metadata: java.lang.IllegalArgumentException: Provided Metadata instance has version 2.3.0, while maximum supported version is 2.2.0. To support newer versions, update the kotlin-metadata-jvm library.
2026-05-27T01:03:53.1546161+05:30 Info: Class kotlin.jvm.JvmSuppressWildcards has malformed kotlin.Metadata: java.lang.IllegalArgumentException: Provided Metadata instance has version 2.3.0, while maximum supported version is 2.2.0. To support newer versions, update the kotlin-metadata-jvm library.
2026-05-27T01:03:53.1561216+05:30 Info: Class kotlin.io.path.FileVisitorImpl has malformed kotlin.Metadata: java.lang.IllegalArgumentException: Provided Metadata instance has version 2.3.0, while maximum supported version is 2.2.0. To support newer versions, update the kotlin-metadata-jvm library.
2026-05-27T01:03:53.1576346+05:30 Info: Class kotlin.collections.CollectionsKt___CollectionsKt has malformed kotlin.Metadata: java.lang.IllegalArgumentException: Provided Metadata instance has version 2.3.0, while maximum supported version is 2.2.0. To support newer versions, update the kotlin-metadata-jvm library.
2026-05-27T01:03:53.1621384+05:30 Info: Class kotlin.collections.CollectionsKt__MutableCollectionsJVMKt has malformed kotlin.Metadata: java.lang.IllegalArgumentException: Provided Metadata instance has version 2.3.0, while maximum supported version is 2.2.0. To support newer versions, update the kotlin-metadata-jvm library.
2026-05-27T01:03:53.2475180+05:30 Info: Class kotlin.collections.ShortIterator has malformed kotlin.Metadata: java.lang.IllegalArgumentException: Provided Metadata instance has version 2.3.0, while maximum supported version is 2.2.0. To support newer versions, update the kotlin-metadata-jvm library.
2026-05-27T01:03:53.2490257+05:30 Info: Class kotlin.collections.ArraysKt___ArraysKt$asSequence$$inlined$Sequence$1 has malformed kotlin.Metadata: java.lang.IllegalArgumentException: Provided Metadata instance has version 2.3.0, while maximum supported version is 2.2.0. To support newer versions, update the kotlin-metadata-jvm library.
2026-05-27T01:03:53.2505369+05:30 Info: Class kotlin.text.Regex$Serialized$Companion has malformed kotlin.Metadata: java.lang.IllegalArgumentException: Provided Metadata instance has version 2.3.0, while maximum supported version is 2.2.0. To support newer versions, update the kotlin-metadata-jvm library.
2026-05-27T01:03:53.2550423+05:30 Info: Class kotlin.collections.MapsKt has malformed kotlin.Metadata: java.lang.IllegalArgumentException: Provided Metadata instance has version 2.3.0, while maximum supported version is 2.2.0. To support newer versions, update the kotlin-metadata-jvm library.
2026-05-27T01:03:53.2570395+05:30 Info: Class kotlin.NumbersKt__BigDecimalsKt has malformed kotlin.Metadata: java.lang.IllegalArgumentException: Provided Metadata instance has version 2.3.0, while maximum supported version is 2.2.0. To support newer versions, update the kotlin-metadata-jvm library.
2026-05-27T01:03:53.2625452+05:30 Info: Class com.google.maps.android.StreetViewJavaHelper$StreetViewCallback has malformed kotlin.Metadata: java.lang.IllegalArgumentException: Provided Metadata instance has version 2.3.0, while maximum supported version is 2.2.0. To support newer versions, update the kotlin-metadata-jvm library.
2026-05-27T01:03:53.2660508+05:30 Info: Class kotlin.SubclassOptInRequired has malformed kotlin.Metadata: java.lang.IllegalArgumentException: Provided Metadata instance has version 2.3.0, while maximum supported version is 2.2.0. To support newer versions, update the kotlin-metadata-jvm library.
2026-05-27T01:03:53.2675632+05:30 Info: Class kotlin.text.HexFormat$NumberHexFormat$Companion has malformed kotlin.Metadata: java.lang.IllegalArgumentException: Provided Metadata instance has version 2.3.0, while maximum supported version is 2.2.0. To support newer versions, update the kotlin-metadata-jvm library.
2026-05-27T01:03:53.3412925+05:30 Info: Class kotlin.reflect.KAnnotatedElement has malformed kotlin.Metadata: java.lang.IllegalArgumentException: Provided Metadata instance has version 2.3.0, while maximum supported version is 2.2.0. To support newer versions, update the kotlin-metadata-jvm library.
2026-05-27T01:03:53.3457992+05:30 Info: Class kotlin.collections.builders.SerializedCollection has malformed kotlin.Metadata: java.lang.IllegalArgumentException: Provided Metadata instance has version 2.3.0, while maximum supported version is 2.2.0. To support newer versions, update the kotlin-metadata-jvm library.
2026-05-27T01:03:53.3483510+05:30 Info: Class kotlin.io.FileTreeWalk$FileTreeWalkIterator$TopDownDirectoryState has malformed kotlin.Metadata: java.lang.IllegalArgumentException: Provided Metadata instance has version 2.3.0, while maximum supported version is 2.2.0. To support newer versions, update the kotlin-metadata-jvm library.
2026-05-27T01:03:53.3503441+05:30 Info: Class kotlin.text.CharsetsKt has malformed kotlin.Metadata: java.lang.IllegalArgumentException: Provided Metadata instance has version 2.3.0, while maximum supported version is 2.2.0. To support newer versions, update the kotlin-metadata-jvm library.
2026-05-27T01:03:53.3518667+05:30 Info: Class com.google.maps.android.projection.Point has malformed kotlin.Metadata: java.lang.IllegalArgumentException: Provided Metadata instance has version 2.3.0, while maximum supported version is 2.2.0. To support newer versions, update the kotlin-metadata-jvm library.
2026-05-27T01:03:53.3538533+05:30 Info: Class kotlin.collections.AbstractSet has malformed kotlin.Metadata: java.lang.IllegalArgumentException: Provided Metadata instance has version 2.3.0, while maximum supported version is 2.2.0. To support newer versions, update the kotlin-metadata-jvm library.
2026-05-27T01:03:53.3553675+05:30 Info: Class kotlin.time.Clock has malformed kotlin.Metadata: java.lang.IllegalArgumentException: Provided Metadata instance has version 2.3.0, while maximum supported version is 2.2.0. To support newer versions, update the kotlin-metadata-jvm library.
2026-05-27T01:03:53.4712611+05:30 Info: Class kotlin.ResultKt has malformed kotlin.Metadata: java.lang.IllegalArgumentException: Provided Metadata instance has version 2.3.0, while maximum supported version is 2.2.0. To support newer versions, update the kotlin-metadata-jvm library.
2026-05-27T01:03:53.4722567+05:30 Info: Class kotlin.reflect.KVisibility has malformed kotlin.Metadata: java.lang.IllegalArgumentException: Provided Metadata instance has version 2.3.0, while maximum supported version is 2.2.0. To support newer versions, update the kotlin-metadata-jvm library.
2026-05-27T01:03:53.4742550+05:30 Info: Class kotlin.coroutines.SafeContinuation$Companion has malformed kotlin.Metadata: java.lang.IllegalArgumentException: Provided Metadata instance has version 2.3.0, while maximum supported version is 2.2.0. To support newer versions, update the kotlin-metadata-jvm library.
2026-05-27T01:03:53.4792714+05:30 Info: Class kotlin.TuplesKt has malformed kotlin.Metadata: java.lang.IllegalArgumentException: Provided Metadata instance has version 2.3.0, while maximum supported version is 2.2.0. To support newer versions, update the kotlin-metadata-jvm library.
2026-05-27T01:03:53.5544682+05:30 Info: Class kotlin.jvm.internal.ShortCompanionObject has malformed kotlin.Metadata: java.lang.IllegalArgumentException: Provided Metadata instance has version 2.3.0, while maximum supported version is 2.2.0. To support newer versions, update the kotlin-metadata-jvm library.
2026-05-27T01:03:53.5559742+05:30 Info: Class kotlin.reflect.KProperty$DefaultImpls has malformed kotlin.Metadata: java.lang.IllegalArgumentException: Provided Metadata instance has version 2.3.0, while maximum supported version is 2.2.0. To support newer versions, update the kotlin-metadata-jvm library.
2026-05-27T01:03:53.5569732+05:30 Info: Class kotlin.jvm.Throws has malformed kotlin.Metadata: java.lang.IllegalArgumentException: Provided Metadata instance has version 2.3.0, while maximum supported version is 2.2.0. To support newer versions, update the kotlin-metadata-jvm library.
2026-05-27T01:03:53.5614802+05:30 Info: Class kotlin.sequences.SequencesKt__SequencesKt$shuffled$1 has malformed kotlin.Metadata: java.lang.IllegalArgumentException: Provided Metadata instance has version 2.3.0, while maximum supported version is 2.2.0. To support newer versions, update the kotlin-metadata-jvm library.
2026-05-27T01:03:53.6372524+05:30 Info: Class kotlin.RequiresOptIn has malformed kotlin.Metadata: java.lang.IllegalArgumentException: Provided Metadata instance has version 2.3.0, while maximum supported version is 2.2.0. To support newer versions, update the kotlin-metadata-jvm library.
2026-05-27T01:03:53.6387597+05:30 Info: Class kotlin.coroutines.Continuation has malformed kotlin.Metadata: java.lang.IllegalArgumentException: Provided Metadata instance has version 2.3.0, while maximum supported version is 2.2.0. To support newer versions, update the kotlin-metadata-jvm library.
2026-05-27T01:03:53.6402727+05:30 Info: Class com.google.maps.android.Source has malformed kotlin.Metadata: java.lang.IllegalArgumentException: Provided Metadata instance has version 2.3.0, while maximum supported version is 2.2.0. To support newer versions, update the kotlin-metadata-jvm library.
2026-05-27T01:03:53.6412680+05:30 Info: Class kotlin.SafePublicationLazyImpl has malformed kotlin.Metadata: java.lang.IllegalArgumentException: Provided Metadata instance has version 2.3.0, while maximum supported version is 2.2.0. To support newer versions, update the kotlin-metadata-jvm library.
2026-05-27T01:03:53.6487731+05:30 Info: Class kotlin.ranges.ULongRange has malformed kotlin.Metadata: java.lang.IllegalArgumentException: Provided Metadata instance has version 2.3.0, while maximum supported version is 2.2.0. To support newer versions, update the kotlin-metadata-jvm library.
2026-05-27T01:03:53.7479060+05:30 Info: Class kotlin.time.InstantParseResult$Failure has malformed kotlin.Metadata: java.lang.IllegalArgumentException: Provided Metadata instance has version 2.3.0, while maximum supported version is 2.2.0. To support newer versions, update the kotlin-metadata-jvm library.
2026-05-27T01:03:53.7504394+05:30 Info: Class kotlin.collections.builders.SerializedMap has malformed kotlin.Metadata: java.lang.IllegalArgumentException: Provided Metadata instance has version 2.3.0, while maximum supported version is 2.2.0. To support newer versions, update the kotlin-metadata-jvm library.
2026-05-27T01:03:53.7514334+05:30 Info: Class kotlin.internal.ProgressionUtilKt has malformed kotlin.Metadata: java.lang.IllegalArgumentException: Provided Metadata instance has version 2.3.0, while maximum supported version is 2.2.0. To support newer versions, update the kotlin-metadata-jvm library.
2026-05-27T01:03:53.7534324+05:30 Info: Class kotlin.ranges.IntProgressionIterator has malformed kotlin.Metadata: java.lang.IllegalArgumentException: Provided Metadata instance has version 2.3.0, while maximum supported version is 2.2.0. To support newer versions, update the kotlin-metadata-jvm library.
2026-05-27T01:03:53.7549397+05:30 Info: Class kotlin.sequences.DropWhileSequence$iterator$1 has malformed kotlin.Metadata: java.lang.IllegalArgumentException: Provided Metadata instance has version 2.3.0, while maximum supported version is 2.2.0. To support newer versions, update the kotlin-metadata-jvm library.
2026-05-27T01:03:53.7569383+05:30 Info: Class kotlin.collections.builders.MapBuilder has malformed kotlin.Metadata: java.lang.IllegalArgumentException: Provided Metadata instance has version 2.3.0, while maximum supported version is 2.2.0. To support newer versions, update the kotlin-metadata-jvm library.
2026-05-27T01:03:53.7579615+05:30 Info: Class kotlin.text.CharCategory$Companion has malformed kotlin.Metadata: java.lang.IllegalArgumentException: Provided Metadata instance has version 2.3.0, while maximum supported version is 2.2.0. To support newer versions, update the kotlin-metadata-jvm library.
2026-05-27T01:03:53.7629731+05:30 Info: Class kotlin.jvm.internal.unsafe.MonitorKt has malformed kotlin.Metadata: java.lang.IllegalArgumentException: Provided Metadata instance has version 2.3.0, while maximum supported version is 2.2.0. To support newer versions, update the kotlin-metadata-jvm library.
2026-05-27T01:03:53.7649731+05:30 Info: Class kotlin.properties.ObservableProperty has malformed kotlin.Metadata: java.lang.IllegalArgumentException: Provided Metadata instance has version 2.3.0, while maximum supported version is 2.2.0. To support newer versions, update the kotlin-metadata-jvm library.
2026-05-27T01:03:53.7664805+05:30 Info: Class kotlin.CharCodeKt has malformed kotlin.Metadata: java.lang.IllegalArgumentException: Provided Metadata instance has version 2.3.0, while maximum supported version is 2.2.0. To support newer versions, update the kotlin-metadata-jvm library.
2026-05-27T01:03:53.7679955+05:30 Info: Class kotlin.ranges.IntProgression has malformed kotlin.Metadata: java.lang.IllegalArgumentException: Provided Metadata instance has version 2.3.0, while maximum supported version is 2.2.0. To support newer versions, update the kotlin-metadata-jvm library.
2026-05-27T01:03:53.7690109+05:30 Info: Class kotlin.jvm.functions.Function8 has malformed kotlin.Metadata: java.lang.IllegalArgumentException: Provided Metadata instance has version 2.3.0, while maximum supported version is 2.2.0. To support newer versions, update the kotlin-metadata-jvm library.
2026-05-27T01:03:53.7710072+05:30 Info: Class kotlin.collections.DoubleIterator has malformed kotlin.Metadata: java.lang.IllegalArgumentException: Provided Metadata instance has version 2.3.0, while maximum supported version is 2.2.0. To support newer versions, update the kotlin-metadata-jvm library.
2026-05-27T01:03:53.7725211+05:30 Info: Class kotlin.jvm.internal.FloatSpreadBuilder has malformed kotlin.Metadata: java.lang.IllegalArgumentException: Provided Metadata instance has version 2.3.0, while maximum supported version is 2.2.0. To support newer versions, update the kotlin-metadata-jvm library.
2026-05-27T01:03:53.7735144+05:30 Info: Class kotlin.TypeAliasesKt has malformed kotlin.Metadata: java.lang.IllegalArgumentException: Provided Metadata instance has version 2.3.0, while maximum supported version is 2.2.0. To support newer versions, update the kotlin-metadata-jvm library.
2026-05-27T01:03:53.7810182+05:30 Info: Class kotlin.ranges.CharRange$Companion has malformed kotlin.Metadata: java.lang.IllegalArgumentException: Provided Metadata instance has version 2.3.0, while maximum supported version is 2.2.0. To support newer versions, update the kotlin-metadata-jvm library.
2026-05-27T01:03:53.7820175+05:30 Info: Class kotlin.Unit has malformed kotlin.Metadata: java.lang.IllegalArgumentException: Provided Metadata instance has version 2.3.0, while maximum supported version is 2.2.0. To support newer versions, update the kotlin-metadata-jvm library.
2026-05-27T01:03:53.8417615+05:30 Info: Class kotlin.time.DurationKt$WhenMappings has malformed kotlin.Metadata: java.lang.IllegalArgumentException: Provided Metadata instance has version 2.3.0, while maximum supported version is 2.2.0. To support newer versions, update the kotlin-metadata-jvm library.
2026-05-27T01:03:53.8488438+05:30 Info: Class kotlin.sequences.SubSequence$iterator$1 has malformed kotlin.Metadata: java.lang.IllegalArgumentException: Provided Metadata instance has version 2.3.0, while maximum supported version is 2.2.0. To support newer versions, update the kotlin-metadata-jvm library.
2026-05-27T01:03:53.8513774+05:30 Info: Class kotlin.collections.RingBuffer has malformed kotlin.Metadata: java.lang.IllegalArgumentException: Provided Metadata instance has version 2.3.0, while maximum supported version is 2.2.0. To support newer versions, update the kotlin-metadata-jvm library.
2026-05-27T01:03:53.8533704+05:30 Info: Class kotlin.contracts.ContractBuilder has malformed kotlin.Metadata: java.lang.IllegalArgumentException: Provided Metadata instance has version 2.3.0, while maximum supported version is 2.2.0. To support newer versions, update the kotlin-metadata-jvm library.
2026-05-27T01:03:53.8548876+05:30 Info: Class kotlin.jvm.internal.TypeReference has malformed kotlin.Metadata: java.lang.IllegalArgumentException: Provided Metadata instance has version 2.3.0, while maximum supported version is 2.2.0. To support newer versions, update the kotlin-metadata-jvm library.
2026-05-27T01:03:53.8558774+05:30 Info: Class kotlin.io.OnErrorAction has malformed kotlin.Metadata: java.lang.IllegalArgumentException: Provided Metadata instance has version 2.3.0, while maximum supported version is 2.2.0. To support newer versions, update the kotlin-metadata-jvm library.
2026-05-27T01:03:53.8568769+05:30 Info: Class kotlin.sequences.TakeSequence has malformed kotlin.Metadata: java.lang.IllegalArgumentException: Provided Metadata instance has version 2.3.0, while maximum supported version is 2.2.0. To support newer versions, update the kotlin-metadata-jvm library.
2026-05-27T01:03:53.8633837+05:30 Info: Class kotlin.ULong has malformed kotlin.Metadata: java.lang.IllegalArgumentException: Provided Metadata instance has version 2.3.0, while maximum supported version is 2.2.0. To support newer versions, update the kotlin-metadata-jvm library.
2026-05-27T01:03:53.8668932+05:30 Info: Class kotlin.math.UMathKt has malformed kotlin.Metadata: java.lang.IllegalArgumentException: Provided Metadata instance has version 2.3.0, while maximum supported version is 2.2.0. To support newer versions, update the kotlin-metadata-jvm library.
2026-05-27T01:03:53.8688928+05:30 Info: Class kotlin.UShortArray has malformed kotlin.Metadata: java.lang.IllegalArgumentException: Provided Metadata instance has version 2.3.0, while maximum supported version is 2.2.0. To support newer versions, update the kotlin-metadata-jvm library.
2026-05-27T01:03:53.8704016+05:30 Info: Class kotlin.io.encoding.ExperimentalEncodingApi has malformed kotlin.Metadata: java.lang.IllegalArgumentException: Provided Metadata instance has version 2.3.0, while maximum supported version is 2.2.0. To support newer versions, update the kotlin-metadata-jvm library.
2026-05-27T01:03:53.8714012+05:30 Info: Class kotlin.jvm.functions.Function7 has malformed kotlin.Metadata: java.lang.IllegalArgumentException: Provided Metadata instance has version 2.3.0, while maximum supported version is 2.2.0. To support newer versions, update the kotlin-metadata-jvm library.
2026-05-27T01:03:53.9355450+05:30 Info: Class kotlin.io.encoding.Base64JVMKt has malformed kotlin.Metadata: java.lang.IllegalArgumentException: Provided Metadata instance has version 2.3.0, while maximum supported version is 2.2.0. To support newer versions, update the kotlin-metadata-jvm library.
2026-05-27T01:03:53.9375377+05:30 Info: Class kotlin.collections.TypeAliasesKt has malformed kotlin.Metadata: java.lang.IllegalArgumentException: Provided Metadata instance has version 2.3.0, while maximum supported version is 2.2.0. To support newer versions, update the kotlin-metadata-jvm library.
2026-05-27T01:03:53.9390541+05:30 Info: Class kotlin.collections.LongIterator has malformed kotlin.Metadata: java.lang.IllegalArgumentException: Provided Metadata instance has version 2.3.0, while maximum supported version is 2.2.0. To support newer versions, update the kotlin-metadata-jvm library.
2026-05-27T01:03:53.9400470+05:30 Info: Class kotlin.properties.NotNullVar has malformed kotlin.Metadata: java.lang.IllegalArgumentException: Provided Metadata instance has version 2.3.0, while maximum supported version is 2.2.0. To support newer versions, update the kotlin-metadata-jvm library.
2026-05-27T01:03:53.9425793+05:30 Info: Class kotlin.KotlinVersionCurrentValue has malformed kotlin.Metadata: java.lang.IllegalArgumentException: Provided Metadata instance has version 2.3.0, while maximum supported version is 2.2.0. To support newer versions, update the kotlin-metadata-jvm library.
2026-05-27T01:03:53.9445750+05:30 Info: Class kotlin.sequences.FlatteningSequence has malformed kotlin.Metadata: java.lang.IllegalArgumentException: Provided Metadata instance has version 2.3.0, while maximum supported version is 2.2.0. To support newer versions, update the kotlin-metadata-jvm library.
2026-05-27T01:03:53.9480821+05:30 Info: Class kotlin.concurrent.TimersKt has malformed kotlin.Metadata: java.lang.IllegalArgumentException: Provided Metadata instance has version 2.3.0, while maximum supported version is 2.2.0. To support newer versions, update the kotlin-metadata-jvm library.
2026-05-27T01:03:53.9495967+05:30 Info: Class kotlin.ranges.UIntRange$Companion has malformed kotlin.Metadata: java.lang.IllegalArgumentException: Provided Metadata instance has version 2.3.0, while maximum supported version is 2.2.0. To support newer versions, update the kotlin-metadata-jvm library.
2026-05-27T01:03:53.9515908+05:30 Info: Class kotlin.UShort$Companion has malformed kotlin.Metadata: java.lang.IllegalArgumentException: Provided Metadata instance has version 2.3.0, while maximum supported version is 2.2.0. To support newer versions, update the kotlin-metadata-jvm library.
2026-05-27T01:03:54.0483020+05:30 Info: Class kotlin.ranges.ClosedFloatingPointRange has malformed kotlin.Metadata: java.lang.IllegalArgumentException: Provided Metadata instance has version 2.3.0, while maximum supported version is 2.2.0. To support newer versions, update the kotlin-metadata-jvm library.
2026-05-27T01:03:54.0498140+05:30 Info: Class kotlin.time.Instant has malformed kotlin.Metadata: java.lang.IllegalArgumentException: Provided Metadata instance has version 2.3.0, while maximum supported version is 2.2.0. To support newer versions, update the kotlin-metadata-jvm library.
2026-05-27T01:03:54.0518091+05:30 Info: Class kotlin.text.FlagEnum has malformed kotlin.Metadata: java.lang.IllegalArgumentException: Provided Metadata instance has version 2.3.0, while maximum supported version is 2.2.0. To support newer versions, update the kotlin-metadata-jvm library.
2026-05-27T01:03:54.0533201+05:30 Info: Class kotlin.coroutines.SafeContinuation has malformed kotlin.Metadata: java.lang.IllegalArgumentException: Provided Metadata instance has version 2.3.0, while maximum supported version is 2.2.0. To support newer versions, update the kotlin-metadata-jvm library.
2026-05-27T01:03:54.0553142+05:30 Info: Class kotlin.time.jdk8.DurationConversionsJDK8Kt has malformed kotlin.Metadata: java.lang.IllegalArgumentException: Provided Metadata instance has version 2.3.0, while maximum supported version is 2.2.0. To support newer versions, update the kotlin-metadata-jvm library.
2026-05-27T01:03:54.0563140+05:30 Info: Class kotlin.jdk7.AutoCloseableKt$AutoCloseable$1 has malformed kotlin.Metadata: java.lang.IllegalArgumentException: Provided Metadata instance has version 2.3.0, while maximum supported version is 2.2.0. To support newer versions, update the kotlin-metadata-jvm library.
2026-05-27T01:03:54.0573134+05:30 Info: Class kotlin.text.Charsets has malformed kotlin.Metadata: java.lang.IllegalArgumentException: Provided Metadata instance has version 2.3.0, while maximum supported version is 2.2.0. To support newer versions, update the kotlin-metadata-jvm library.
2026-05-27T01:03:54.0633380+05:30 Info: Class kotlin.sequences.DropWhileSequence has malformed kotlin.Metadata: java.lang.IllegalArgumentException: Provided Metadata instance has version 2.3.0, while maximum supported version is 2.2.0. To support newer versions, update the kotlin-metadata-jvm library.
2026-05-27T01:03:54.0698413+05:30 Info: Class kotlin.coroutines.intrinsics.IntrinsicsKt__IntrinsicsJvmKt$createCoroutineFromSuspendFunction$2 has malformed kotlin.Metadata: java.lang.IllegalArgumentException: Provided Metadata instance has version 2.3.0, while maximum supported version is 2.2.0. To support newer versions, update the kotlin-metadata-jvm library.
2026-05-27T01:03:54.0718336+05:30 Info: Class kotlin.text.MatchGroupCollection has malformed kotlin.Metadata: java.lang.IllegalArgumentException: Provided Metadata instance has version 2.3.0, while maximum supported version is 2.2.0. To support newer versions, update the kotlin-metadata-jvm library.
2026-05-27T01:03:54.1410463+05:30 Info: Class kotlin.io.FilesKt__UtilsKt has malformed kotlin.Metadata: java.lang.IllegalArgumentException: Provided Metadata instance has version 2.3.0, while maximum supported version is 2.2.0. To support newer versions, update the kotlin-metadata-jvm library.
2026-05-27T01:03:54.1475452+05:30 Info: Class kotlin.SuspendKt has malformed kotlin.Metadata: java.lang.IllegalArgumentException: Provided Metadata instance has version 2.3.0, while maximum supported version is 2.2.0. To support newer versions, update the kotlin-metadata-jvm library.
2026-05-27T01:03:54.1510905+05:30 Info: Class kotlin.jvm.functions.Function9 has malformed kotlin.Metadata: java.lang.IllegalArgumentException: Provided Metadata instance has version 2.3.0, while maximum supported version is 2.2.0. To support newer versions, update the kotlin-metadata-jvm library.
2026-05-27T01:03:54.1525995+05:30 Info: Class kotlin.internal.LowPriorityInOverloadResolution has malformed kotlin.Metadata: java.lang.IllegalArgumentException: Provided Metadata instance has version 2.3.0, while maximum supported version is 2.2.0. To support newer versions, update the kotlin-metadata-jvm library.
2026-05-27T01:03:54.1535988+05:30 Info: Class kotlin.js.ExperimentalJsFileName has malformed kotlin.Metadata: java.lang.IllegalArgumentException: Provided Metadata instance has version 2.3.0, while maximum supported version is 2.2.0. To support newer versions, update the kotlin-metadata-jvm library.
2026-05-27T01:03:54.1561067+05:30 Info: Class kotlin.time.InstantSerialized has malformed kotlin.Metadata: java.lang.IllegalArgumentException: Provided Metadata instance has version 2.3.0, while maximum supported version is 2.2.0. To support newer versions, update the kotlin-metadata-jvm library.
2026-05-27T01:03:54.1571059+05:30 Info: Class kotlin.sequences.TransformingIndexedSequence has malformed kotlin.Metadata: java.lang.IllegalArgumentException: Provided Metadata instance has version 2.3.0, while maximum supported version is 2.2.0. To support newer versions, update the kotlin-metadata-jvm library.
2026-05-27T01:03:54.2684827+05:30 Info: Class kotlin.js.JsImplicitExport has malformed kotlin.Metadata: java.lang.IllegalArgumentException: Provided Metadata instance has version 2.3.0, while maximum supported version is 2.2.0. To support newer versions, update the kotlin-metadata-jvm library.
2026-05-27T01:03:54.2740082+05:30 Info: Class kotlin.PropertyReferenceDelegatesKt has malformed kotlin.Metadata: java.lang.IllegalArgumentException: Provided Metadata instance has version 2.3.0, while maximum supported version is 2.2.0. To support newer versions, update the kotlin-metadata-jvm library.
2026-05-27T01:03:54.2820205+05:30 Info: Class kotlin.collections.builders.SetBuilder$Companion has malformed kotlin.Metadata: java.lang.IllegalArgumentException: Provided Metadata instance has version 2.3.0, while maximum supported version is 2.2.0. To support newer versions, update the kotlin-metadata-jvm library.
2026-05-27T01:03:54.2870653+05:30 Info: Class kotlin.time.LongSaturatedMathKt has malformed kotlin.Metadata: java.lang.IllegalArgumentException: Provided Metadata instance has version 2.3.0, while maximum supported version is 2.2.0. To support newer versions, update the kotlin-metadata-jvm library.
2026-05-27T01:03:54.2905720+05:30 Info: Class kotlin.reflect.ParameterizedTypeImpl$getTypeName$1$1 has malformed kotlin.Metadata: java.lang.IllegalArgumentException: Provided Metadata instance has version 2.3.0, while maximum supported version is 2.2.0. To support newer versions, update the kotlin-metadata-jvm library.
2026-05-27T01:03:54.3031088+05:30 Info: Class kotlin.reflect.KType$DefaultImpls has malformed kotlin.Metadata: java.lang.IllegalArgumentException: Provided Metadata instance has version 2.3.0, while maximum supported version is 2.2.0. To support newer versions, update the kotlin-metadata-jvm library.
2026-05-27T01:03:54.3076319+05:30 Info: Class kotlin.text.CharsKt has malformed kotlin.Metadata: java.lang.IllegalArgumentException: Provided Metadata instance has version 2.3.0, while maximum supported version is 2.2.0. To support newer versions, update the kotlin-metadata-jvm library.
2026-05-27T01:03:54.3196412+05:30 Info: Class kotlin.Lazy has malformed kotlin.Metadata: java.lang.IllegalArgumentException: Provided Metadata instance has version 2.3.0, while maximum supported version is 2.2.0. To support newer versions, update the kotlin-metadata-jvm library.
2026-05-27T01:03:54.3236615+05:30 Info: Class kotlin.reflect.KTypeProjection$Companion has malformed kotlin.Metadata: java.lang.IllegalArgumentException: Provided Metadata instance has version 2.3.0, while maximum supported version is 2.2.0. To support newer versions, update the kotlin-metadata-jvm library.
2026-05-27T01:03:54.3342091+05:30 Info: Class kotlin.sequences.SequencesKt__SequencesKt$ifEmpty$1 has malformed kotlin.Metadata: java.lang.IllegalArgumentException: Provided Metadata instance has version 2.3.0, while maximum supported version is 2.2.0. To support newer versions, update the kotlin-metadata-jvm library.
2026-05-27T01:03:54.4687135+05:30 Info: Class com.google.maps.android.heatmaps.HeatmapTileProvider$Builder has malformed kotlin.Metadata: java.lang.IllegalArgumentException: Provided Metadata instance has version 2.3.0, while maximum supported version is 2.2.0. To support newer versions, update the kotlin-metadata-jvm library.
2026-05-27T01:03:54.4707086+05:30 Info: Class kotlin.coroutines.jvm.internal.SuspendFunction has malformed kotlin.Metadata: java.lang.IllegalArgumentException: Provided Metadata instance has version 2.3.0, while maximum supported version is 2.2.0. To support newer versions, update the kotlin-metadata-jvm library.
2026-05-27T01:03:54.4722237+05:30 Info: Class kotlin.reflect.KMutableProperty2 has malformed kotlin.Metadata: java.lang.IllegalArgumentException: Provided Metadata instance has version 2.3.0, while maximum supported version is 2.2.0. To support newer versions, update the kotlin-metadata-jvm library.
2026-05-27T01:03:54.5248461+05:30 Info: Class kotlin.jvm.Strictfp has malformed kotlin.Metadata: java.lang.IllegalArgumentException: Provided Metadata instance has version 2.3.0, while maximum supported version is 2.2.0. To support newer versions, update the kotlin-metadata-jvm library.
2026-05-27T01:03:54.5288718+05:30 Info: Class kotlin.comparisons.ComparisonsKt__ComparisonsKt$thenComparator$1 has malformed kotlin.Metadata: java.lang.IllegalArgumentException: Provided Metadata instance has version 2.3.0, while maximum supported version is 2.2.0. To support newer versions, update the kotlin-metadata-jvm library.
2026-05-27T01:03:54.5343973+05:30 Info: Class kotlin.contracts.ContractBuilder$DefaultImpls has malformed kotlin.Metadata: java.lang.IllegalArgumentException: Provided Metadata instance has version 2.3.0, while maximum supported version is 2.2.0. To support newer versions, update the kotlin-metadata-jvm library.
2026-05-27T01:03:54.5369083+05:30 Info: Class kotlin.LazyKt__LazyJVMKt$WhenMappings has malformed kotlin.Metadata: java.lang.IllegalArgumentException: Provided Metadata instance has version 2.3.0, while maximum supported version is 2.2.0. To support newer versions, update the kotlin-metadata-jvm library.
2026-05-27T01:03:54.5394243+05:30 Info: Class kotlin.jvm.functions.Function4 has malformed kotlin.Metadata: java.lang.IllegalArgumentException: Provided Metadata instance has version 2.3.0, while maximum supported version is 2.2.0. To support newer versions, update the kotlin-metadata-jvm library.
2026-05-27T01:03:54.5404482+05:30 Info: Class com.google.maps.android.SphericalUtil has malformed kotlin.Metadata: java.lang.IllegalArgumentException: Provided Metadata instance has version 2.3.0, while maximum supported version is 2.2.0. To support newer versions, update the kotlin-metadata-jvm library.
2026-05-27T01:03:54.5424438+05:30 Info: Class kotlin.collections.SetsKt___SetsKt has malformed kotlin.Metadata: java.lang.IllegalArgumentException: Provided Metadata instance has version 2.3.0, while maximum supported version is 2.2.0. To support newer versions, update the kotlin-metadata-jvm library.
2026-05-27T01:03:54.5539917+05:30 Info: Class kotlin.collections.AbstractList$SubList has malformed kotlin.Metadata: java.lang.IllegalArgumentException: Provided Metadata instance has version 2.3.0, while maximum supported version is 2.2.0. To support newer versions, update the kotlin-metadata-jvm library.
2026-05-27T01:03:54.5555011+05:30 Info: Class kotlin.uuid.Uuid has malformed kotlin.Metadata: java.lang.IllegalArgumentException: Provided Metadata instance has version 2.3.0, while maximum supported version is 2.2.0. To support newer versions, update the kotlin-metadata-jvm library.
2026-05-27T01:03:54.5580173+05:30 Info: Class kotlin.jvm.internal.markers.KMutableMap$Entry has malformed kotlin.Metadata: java.lang.IllegalArgumentException: Provided Metadata instance has version 2.3.0, while maximum supported version is 2.2.0. To support newer versions, update the kotlin-metadata-jvm library.
2026-05-27T01:03:54.5590423+05:30 Info: Class kotlin.collections.builders.SerializedMap$Companion has malformed kotlin.Metadata: java.lang.IllegalArgumentException: Provided Metadata instance has version 2.3.0, while maximum supported version is 2.2.0. To support newer versions, update the kotlin-metadata-jvm library.
2026-05-27T01:03:54.5670587+05:30 Info: Class kotlin.collections.ArraysKt___ArraysKt$asSequence$$inlined$Sequence$9 has malformed kotlin.Metadata: java.lang.IllegalArgumentException: Provided Metadata instance has version 2.3.0, while maximum supported version is 2.2.0. To support newer versions, update the kotlin-metadata-jvm library.
2026-05-27T01:03:54.6664512+05:30 Info: Class kotlin.io.path.DirectoryEntriesReader has malformed kotlin.Metadata: java.lang.IllegalArgumentException: Provided Metadata instance has version 2.3.0, while maximum supported version is 2.2.0. To support newer versions, update the kotlin-metadata-jvm library.
2026-05-27T01:03:54.6679673+05:30 Info: Class kotlin.time.TimeSource$Monotonic$ValueTimeMark has malformed kotlin.Metadata: java.lang.IllegalArgumentException: Provided Metadata instance has version 2.3.0, while maximum supported version is 2.2.0. To support newer versions, update the kotlin-metadata-jvm library.
2026-05-27T01:03:54.6699587+05:30 Info: Class kotlin.concurrent.atomics.AtomicsKt__Atomics_commonKt has malformed kotlin.Metadata: java.lang.IllegalArgumentException: Provided Metadata instance has version 2.3.0, while maximum supported version is 2.2.0. To support newer versions, update the kotlin-metadata-jvm library.
2026-05-27T01:03:54.6714774+05:30 Info: Class kotlin.ranges.ComparableOpenEndRange has malformed kotlin.Metadata: java.lang.IllegalArgumentException: Provided Metadata instance has version 2.3.0, while maximum supported version is 2.2.0. To support newer versions, update the kotlin-metadata-jvm library.
2026-05-27T01:03:54.6805101+05:30 Info: Class kotlin.jvm.JvmSynthetic has malformed kotlin.Metadata: java.lang.IllegalArgumentException: Provided Metadata instance has version 2.3.0, while maximum supported version is 2.2.0. To support newer versions, update the kotlin-metadata-jvm library.
2026-05-27T01:03:54.6835090+05:30 Info: Class kotlin.reflect.KMutableProperty1 has malformed kotlin.Metadata: java.lang.IllegalArgumentException: Provided Metadata instance has version 2.3.0, while maximum supported version is 2.2.0. To support newer versions, update the kotlin-metadata-jvm library.
2026-05-27T01:03:54.6845079+05:30 Info: Class kotlin._Assertions has malformed kotlin.Metadata: java.lang.IllegalArgumentException: Provided Metadata instance has version 2.3.0, while maximum supported version is 2.2.0. To support newer versions, update the kotlin-metadata-jvm library.
2026-05-27T01:03:54.6865069+05:30 Info: Class kotlin.io.LineReader has malformed kotlin.Metadata: java.lang.IllegalArgumentException: Provided Metadata instance has version 2.3.0, while maximum supported version is 2.2.0. To support newer versions, update the kotlin-metadata-jvm library.
2026-05-27T01:03:54.6870225+05:30 Info: Class kotlin.jvm.functions.Function3 has malformed kotlin.Metadata: java.lang.IllegalArgumentException: Provided Metadata instance has version 2.3.0, while maximum supported version is 2.2.0. To support newer versions, update the kotlin-metadata-jvm library.
2026-05-27T01:03:54.6900135+05:30 Info: Class kotlin.time.ClocksKt has malformed kotlin.Metadata: java.lang.IllegalArgumentException: Provided Metadata instance has version 2.3.0, while maximum supported version is 2.2.0. To support newer versions, update the kotlin-metadata-jvm library.
2026-05-27T01:03:54.6915243+05:30 Info: Class kotlin.reflect.KMutableProperty2$Setter has malformed kotlin.Metadata: java.lang.IllegalArgumentException: Provided Metadata instance has version 2.3.0, while maximum supported version is 2.2.0. To support newer versions, update the kotlin-metadata-jvm library.
2026-05-27T01:03:54.6955203+05:30 Info: Class kotlin.reflect.KProperty$Getter has malformed kotlin.Metadata: java.lang.IllegalArgumentException: Provided Metadata instance has version 2.3.0, while maximum supported version is 2.2.0. To support newer versions, update the kotlin-metadata-jvm library.
2026-05-27T01:03:54.6970392+05:30 Info: Class kotlin.collections.ArraysKt___ArraysKt$asSequence$$inlined$Sequence$8 has malformed kotlin.Metadata: java.lang.IllegalArgumentException: Provided Metadata instance has version 2.3.0, while maximum supported version is 2.2.0. To support newer versions, update the kotlin-metadata-jvm library.
2026-05-27T01:03:54.7005452+05:30 Info: Class kotlin.concurrent.atomics.AtomicArraysKt__AtomicArrays_jvmKt has malformed kotlin.Metadata: java.lang.IllegalArgumentException: Provided Metadata instance has version 2.3.0, while maximum supported version is 2.2.0. To support newer versions, update the kotlin-metadata-jvm library.
2026-05-27T01:03:54.7968395+05:30 Info: Class kotlin.io.ByteStreamsKt has malformed kotlin.Metadata: java.lang.IllegalArgumentException: Provided Metadata instance has version 2.3.0, while maximum supported version is 2.2.0. To support newer versions, update the kotlin-metadata-jvm library.
2026-05-27T01:03:54.7993665+05:30 Info: Class kotlin.coroutines.jvm.internal.CompletedContinuation has malformed kotlin.Metadata: java.lang.IllegalArgumentException: Provided Metadata instance has version 2.3.0, while maximum supported version is 2.2.0. To support newer versions, update the kotlin-metadata-jvm library.
2026-05-27T01:03:54.8013461+05:30 Info: Class kotlin.collections.AbstractMutableList has malformed kotlin.Metadata: java.lang.IllegalArgumentException: Provided Metadata instance has version 2.3.0, while maximum supported version is 2.2.0. To support newer versions, update the kotlin-metadata-jvm library.
2026-05-27T01:03:54.8028612+05:30 Info: Class kotlin.PreconditionsKt__AssertionsJVMKt has malformed kotlin.Metadata: java.lang.IllegalArgumentException: Provided Metadata instance has version 2.3.0, while maximum supported version is 2.2.0. To support newer versions, update the kotlin-metadata-jvm library.
2026-05-27T01:03:54.8038534+05:30 Info: Class kotlin.jvm.internal.ArrayBooleanIterator has malformed kotlin.Metadata: java.lang.IllegalArgumentException: Provided Metadata instance has version 2.3.0, while maximum supported version is 2.2.0. To support newer versions, update the kotlin-metadata-jvm library.
2026-05-27T01:03:54.8048525+05:30 Info: Class kotlin.collections.IndexingIterator has malformed kotlin.Metadata: java.lang.IllegalArgumentException: Provided Metadata instance has version 2.3.0, while maximum supported version is 2.2.0. To support newer versions, update the kotlin-metadata-jvm library.
2026-05-27T01:03:54.8068804+05:30 Info: Class kotlin.DeepRecursiveScopeImpl$crossFunctionCompletion$$inlined$Continuation$1 has malformed kotlin.Metadata: java.lang.IllegalArgumentException: Provided Metadata instance has version 2.3.0, while maximum supported version is 2.2.0. To support newer versions, update the kotlin-metadata-jvm library.
2026-05-27T01:03:54.8515465+05:30 Info: Class kotlin.internal.HidesMembers has malformed kotlin.Metadata: java.lang.IllegalArgumentException: Provided Metadata instance has version 2.3.0, while maximum supported version is 2.2.0. To support newer versions, update the kotlin-metadata-jvm library.
2026-05-27T01:03:54.8540548+05:30 Info: Class kotlin.ExperimentalUnsignedTypes has malformed kotlin.Metadata: java.lang.IllegalArgumentException: Provided Metadata instance has version 2.3.0, while maximum supported version is 2.2.0. To support newer versions, update the kotlin-metadata-jvm library.
2026-05-27T01:03:54.8706036+05:30 Info: Class kotlin.jvm.functions.Function6 has malformed kotlin.Metadata: java.lang.IllegalArgumentException: Provided Metadata instance has version 2.3.0, while maximum supported version is 2.2.0. To support newer versions, update the kotlin-metadata-jvm library.
2026-05-27T01:03:54.9378421+05:30 Info: Class com.google.maps.android.StreetViewUtils$Companion$fetchStreetViewData$2 has malformed kotlin.Metadata: java.lang.IllegalArgumentException: Provided Metadata instance has version 2.3.0, while maximum supported version is 2.2.0. To support newer versions, update the kotlin-metadata-jvm library.
2026-05-27T01:03:55.0175587+05:30 Info: Class com.google.maps.android.MathUtil has malformed kotlin.Metadata: java.lang.IllegalArgumentException: Provided Metadata instance has version 2.3.0, while maximum supported version is 2.2.0. To support newer versions, update the kotlin-metadata-jvm library.
2026-05-27T01:03:55.1009299+05:30 Info: Class kotlin.collections.ArraysKt___ArraysKt$asSequence$$inlined$Sequence$7 has malformed kotlin.Metadata: java.lang.IllegalArgumentException: Provided Metadata instance has version 2.3.0, while maximum supported version is 2.2.0. To support newer versions, update the kotlin-metadata-jvm library.
2026-05-27T01:03:55.1029285+05:30 Info: Class kotlin.random.jdk8.PlatformThreadLocalRandom has malformed kotlin.Metadata: java.lang.IllegalArgumentException: Provided Metadata instance has version 2.3.0, while maximum supported version is 2.2.0. To support newer versions, update the kotlin-metadata-jvm library.
2026-05-27T01:03:55.1049279+05:30 Info: Class kotlin.random.FallbackThreadLocalRandom$implStorage$1 has malformed kotlin.Metadata: java.lang.IllegalArgumentException: Provided Metadata instance has version 2.3.0, while maximum supported version is 2.2.0. To support newer versions, update the kotlin-metadata-jvm library.
2026-05-27T01:03:55.1064382+05:30 Info: Class kotlin.annotation.Repeatable has malformed kotlin.Metadata: java.lang.IllegalArgumentException: Provided Metadata instance has version 2.3.0, while maximum supported version is 2.2.0. To support newer versions, update the kotlin-metadata-jvm library.
2026-05-27T01:03:55.1084331+05:30 Info: Class kotlin.collections.CollectionsKt__ReversedViewsKt has malformed kotlin.Metadata: java.lang.IllegalArgumentException: Provided Metadata instance has version 2.3.0, while maximum supported version is 2.2.0. To support newer versions, update the kotlin-metadata-jvm library.
2026-05-27T01:03:55.1556330+05:30 Info: Class kotlin.uuid.UuidKt has malformed kotlin.Metadata: java.lang.IllegalArgumentException: Provided Metadata instance has version 2.3.0, while maximum supported version is 2.2.0. To support newer versions, update the kotlin-metadata-jvm library.
2026-05-27T01:03:55.1646399+05:30 Info: Class kotlin.text.DelimitedRangesSequence$iterator$1 has malformed kotlin.Metadata: java.lang.IllegalArgumentException: Provided Metadata instance has version 2.3.0, while maximum supported version is 2.2.0. To support newer versions, update the kotlin-metadata-jvm library.
2026-05-27T01:03:55.1661796+05:30 Info: Class kotlin.collections.BooleanIterator has malformed kotlin.Metadata: java.lang.IllegalArgumentException: Provided Metadata instance has version 2.3.0, while maximum supported version is 2.2.0. To support newer versions, update the kotlin-metadata-jvm library.
2026-05-27T01:03:55.1681718+05:30 Info: Class kotlin.io.path.PathsKt__PathUtilsKt has malformed kotlin.Metadata: java.lang.IllegalArgumentException: Provided Metadata instance has version 2.3.0, while maximum supported version is 2.2.0. To support newer versions, update the kotlin-metadata-jvm library.
2026-05-27T01:03:55.1696866+05:30 Info: Class kotlin.jvm.internal.ArrayCharIterator has malformed kotlin.Metadata: java.lang.IllegalArgumentException: Provided Metadata instance has version 2.3.0, while maximum supported version is 2.2.0. To support newer versions, update the kotlin-metadata-jvm library.
2026-05-27T01:03:55.1716787+05:30 Info: Class kotlin.IgnorableReturnValue has malformed kotlin.Metadata: java.lang.IllegalArgumentException: Provided Metadata instance has version 2.3.0, while maximum supported version is 2.2.0. To support newer versions, update the kotlin-metadata-jvm library.
2026-05-27T01:03:55.1737084+05:30 Info: Class kotlin.jvm.internal.ArrayFloatIterator has malformed kotlin.Metadata: java.lang.IllegalArgumentException: Provided Metadata instance has version 2.3.0, while maximum supported version is 2.2.0. To support newer versions, update the kotlin-metadata-jvm library.
2026-05-27T01:03:55.1812399+05:30 Info: Class com.google.maps.android.heatmaps.WeightedLatLng has malformed kotlin.Metadata: java.lang.IllegalArgumentException: Provided Metadata instance has version 2.3.0, while maximum supported version is 2.2.0. To support newer versions, update the kotlin-metadata-jvm library.
2026-05-27T01:03:55.1832303+05:30 Info: Class kotlin.text.StringsKt__StringBuilderKt has malformed kotlin.Metadata: java.lang.IllegalArgumentException: Provided Metadata instance has version 2.3.0, while maximum supported version is 2.2.0. To support newer versions, update the kotlin-metadata-jvm library.
2026-05-27T01:03:55.1852294+05:30 Info: Class kotlin.io.path.PathsKt__PathRecursiveFunctionsKt$WhenMappings has malformed kotlin.Metadata: java.lang.IllegalArgumentException: Provided Metadata instance has version 2.3.0, while maximum supported version is 2.2.0. To support newer versions, update the kotlin-metadata-jvm library.
2026-05-27T01:03:55.1872283+05:30 Info: Class kotlin.jvm.functions.Function5 has malformed kotlin.Metadata: java.lang.IllegalArgumentException: Provided Metadata instance has version 2.3.0, while maximum supported version is 2.2.0. To support newer versions, update the kotlin-metadata-jvm library.
2026-05-27T01:03:55.2407320+05:30 Info: Class kotlin.jvm.JvmField has malformed kotlin.Metadata: java.lang.IllegalArgumentException: Provided Metadata instance has version 2.3.0, while maximum supported version is 2.2.0. To support newer versions, update the kotlin-metadata-jvm library.
2026-05-27T01:03:55.2462332+05:30 Info: Class kotlin.jvm.functions.Function12 has malformed kotlin.Metadata: java.lang.IllegalArgumentException: Provided Metadata instance has version 2.3.0, while maximum supported version is 2.2.0. To support newer versions, update the kotlin-metadata-jvm library.
2026-05-27T01:03:55.2492311+05:30 Info: Class kotlin.contracts.ContractBuilderKt has malformed kotlin.Metadata: java.lang.IllegalArgumentException: Provided Metadata instance has version 2.3.0, while maximum supported version is 2.2.0. To support newer versions, update the kotlin-metadata-jvm library.
2026-05-27T01:03:55.2507391+05:30 Info: Class kotlin.coroutines.jvm.internal.Boxing has malformed kotlin.Metadata: java.lang.IllegalArgumentException: Provided Metadata instance has version 2.3.0, while maximum supported version is 2.2.0. To support newer versions, update the kotlin-metadata-jvm library.
2026-05-27T01:03:55.2542476+05:30 Info: Class kotlin.collections.ArraysKt___ArraysJvmKt has malformed kotlin.Metadata: java.lang.IllegalArgumentException: Provided Metadata instance has version 2.3.0, while maximum supported version is 2.2.0. To support newer versions, update the kotlin-metadata-jvm library.
2026-05-27T01:03:55.2552460+05:30 Info: Class kotlin.collections.builders.MapBuilder$KeysItr has malformed kotlin.Metadata: java.lang.IllegalArgumentException: Provided Metadata instance has version 2.3.0, while maximum supported version is 2.2.0. To support newer versions, update the kotlin-metadata-jvm library.
2026-05-27T01:03:55.2572716+05:30 Info: Class kotlin.io.FileTreeWalk$FileTreeWalkIterator$SingleFileState has malformed kotlin.Metadata: java.lang.IllegalArgumentException: Provided Metadata instance has version 2.3.0, while maximum supported version is 2.2.0. To support newer versions, update the kotlin-metadata-jvm library.
2026-05-27T01:03:55.2577821+05:30 Info: Class kotlin.UIntKt has malformed kotlin.Metadata: java.lang.IllegalArgumentException: Provided Metadata instance has version 2.3.0, while maximum supported version is 2.2.0. To support newer versions, update the kotlin-metadata-jvm library.
2026-05-27T01:03:55.2642837+05:30 Info: Class kotlin.sequences.SequenceBuilderIterator has malformed kotlin.Metadata: java.lang.IllegalArgumentException: Provided Metadata instance has version 2.3.0, while maximum supported version is 2.2.0. To support newer versions, update the kotlin-metadata-jvm library.
2026-05-27T01:03:55.2658204+05:30 Info: Class kotlin.sequences.SequencesKt___SequencesKt$minus$4 has malformed kotlin.Metadata: java.lang.IllegalArgumentException: Provided Metadata instance has version 2.3.0, while maximum supported version is 2.2.0. To support newer versions, update the kotlin-metadata-jvm library.
2026-05-27T01:03:55.2703211+05:30 Info: Class kotlin.collections.ArraysKt___ArraysJvmKt$asList$5 has malformed kotlin.Metadata: java.lang.IllegalArgumentException: Provided Metadata instance has version 2.3.0, while maximum supported version is 2.2.0. To support newer versions, update the kotlin-metadata-jvm library.
2026-05-27T01:03:55.2718480+05:30 Info: Class kotlin.ULongArray$Iterator has malformed kotlin.Metadata: java.lang.IllegalArgumentException: Provided Metadata instance has version 2.3.0, while maximum supported version is 2.2.0. To support newer versions, update the kotlin-metadata-jvm library.
2026-05-27T01:03:55.2738285+05:30 Info: Class kotlin.DeepRecursiveScopeImpl has malformed kotlin.Metadata: java.lang.IllegalArgumentException: Provided Metadata instance has version 2.3.0, while maximum supported version is 2.2.0. To support newer versions, update the kotlin-metadata-jvm library.
2026-05-27T01:03:55.2758493+05:30 Info: Class kotlin.collections.MapsKt__MapsJVMKt has malformed kotlin.Metadata: java.lang.IllegalArgumentException: Provided Metadata instance has version 2.3.0, while maximum supported version is 2.2.0. To support newer versions, update the kotlin-metadata-jvm library.
2026-05-27T01:03:55.2843682+05:30 Info: Class kotlin.jvm.internal.markers.KMutableCollection has malformed kotlin.Metadata: java.lang.IllegalArgumentException: Provided Metadata instance has version 2.3.0, while maximum supported version is 2.2.0. To support newer versions, update the kotlin-metadata-jvm library.
2026-05-27T01:03:55.2869010+05:30 Info: Class kotlin.io.ExposingBufferByteArrayOutputStream has malformed kotlin.Metadata: java.lang.IllegalArgumentException: Provided Metadata instance has version 2.3.0, while maximum supported version is 2.2.0. To support newer versions, update the kotlin-metadata-jvm library.
2026-05-27T01:03:55.2888958+05:30 Info: Class kotlin.collections.ArraysKt___ArraysJvmKt$asList$4 has malformed kotlin.Metadata: java.lang.IllegalArgumentException: Provided Metadata instance has version 2.3.0, while maximum supported version is 2.2.0. To support newer versions, update the kotlin-metadata-jvm library.
2026-05-27T01:03:55.2914082+05:30 Info: Class kotlin.time.DurationKt has malformed kotlin.Metadata: java.lang.IllegalArgumentException: Provided Metadata instance has version 2.3.0, while maximum supported version is 2.2.0. To support newer versions, update the kotlin-metadata-jvm library.
2026-05-27T01:03:55.3516948+05:30 Info: Class kotlin.collections.MapWithDefault has malformed kotlin.Metadata: java.lang.IllegalArgumentException: Provided Metadata instance has version 2.3.0, while maximum supported version is 2.2.0. To support newer versions, update the kotlin-metadata-jvm library.
2026-05-27T01:03:55.3532035+05:30 Info: Class kotlin.text.HexFormat$NumberHexFormat$Builder has malformed kotlin.Metadata: java.lang.IllegalArgumentException: Provided Metadata instance has version 2.3.0, while maximum supported version is 2.2.0. To support newer versions, update the kotlin-metadata-jvm library.
2026-05-27T01:03:55.3542035+05:30 Info: Class kotlin.jvm.functions.Function11 has malformed kotlin.Metadata: java.lang.IllegalArgumentException: Provided Metadata instance has version 2.3.0, while maximum supported version is 2.2.0. To support newer versions, update the kotlin-metadata-jvm library.
2026-05-27T01:03:55.3557159+05:30 Info: Class kotlin.collections.AbstractMutableCollection has malformed kotlin.Metadata: java.lang.IllegalArgumentException: Provided Metadata instance has version 2.3.0, while maximum supported version is 2.2.0. To support newer versions, update the kotlin-metadata-jvm library.
2026-05-27T01:03:55.3567096+05:30 Info: Class kotlin.reflect.KClasses has malformed kotlin.Metadata: java.lang.IllegalArgumentException: Provided Metadata instance has version 2.3.0, while maximum supported version is 2.2.0. To support newer versions, update the kotlin-metadata-jvm library.
2026-05-27T01:03:55.3577088+05:30 Info: Class kotlin.jvm.JvmStatic has malformed kotlin.Metadata: java.lang.IllegalArgumentException: Provided Metadata instance has version 2.3.0, while maximum supported version is 2.2.0. To support newer versions, update the kotlin-metadata-jvm library.
2026-05-27T01:03:55.3616561+05:30 Info: Class kotlin.sequences.SequencesKt has malformed kotlin.Metadata: java.lang.IllegalArgumentException: Provided Metadata instance has version 2.3.0, while maximum supported version is 2.2.0. To support newer versions, update the kotlin-metadata-jvm library.
2026-05-27T01:03:55.3641640+05:30 Info: Class com.google.maps.android.quadtree.PointQuadTree$Companion has malformed kotlin.Metadata: java.lang.IllegalArgumentException: Provided Metadata instance has version 2.3.0, while maximum supported version is 2.2.0. To support newer versions, update the kotlin-metadata-jvm library.
2026-05-27T01:03:55.3666778+05:30 Info: Class kotlin.KotlinVersion$Companion has malformed kotlin.Metadata: java.lang.IllegalArgumentException: Provided Metadata instance has version 2.3.0, while maximum supported version is 2.2.0. To support newer versions, update the kotlin-metadata-jvm library.
2026-05-27T01:03:55.3676594+05:30 Info: Class kotlin.sequences.SequencesKt___SequencesKt$minus$3 has malformed kotlin.Metadata: java.lang.IllegalArgumentException: Provided Metadata instance has version 2.3.0, while maximum supported version is 2.2.0. To support newer versions, update the kotlin-metadata-jvm library.
2026-05-27T01:03:55.3686585+05:30 Info: Class kotlin.uuid.UuidKt__UuidJVMKt has malformed kotlin.Metadata: java.lang.IllegalArgumentException: Provided Metadata instance has version 2.3.0, while maximum supported version is 2.2.0. To support newer versions, update the kotlin-metadata-jvm library.
2026-05-27T01:03:55.4575593+05:30 Info: Class kotlin.collections.UArraySortingKt has malformed kotlin.Metadata: java.lang.IllegalArgumentException: Provided Metadata instance has version 2.3.0, while maximum supported version is 2.2.0. To support newer versions, update the kotlin-metadata-jvm library.
2026-05-27T01:03:55.4600684+05:30 Info: Class kotlin.concurrent.TimersKt$timerTask$1 has malformed kotlin.Metadata: java.lang.IllegalArgumentException: Provided Metadata instance has version 2.3.0, while maximum supported version is 2.2.0. To support newer versions, update the kotlin-metadata-jvm library.
2026-05-27T01:03:55.4635772+05:30 Info: Class kotlin.collections.ArraysKt___ArraysJvmKt$asList$6 has malformed kotlin.Metadata: java.lang.IllegalArgumentException: Provided Metadata instance has version 2.3.0, while maximum supported version is 2.2.0. To support newer versions, update the kotlin-metadata-jvm library.
2026-05-27T01:03:55.4660933+05:30 Info: Class kotlin.collections.SetsKt__SetsKt has malformed kotlin.Metadata: java.lang.IllegalArgumentException: Provided Metadata instance has version 2.3.0, while maximum supported version is 2.2.0. To support newer versions, update the kotlin-metadata-jvm library.
2026-05-27T01:03:55.4670842+05:30 Info: Class kotlin.collections.IndexingIterable has malformed kotlin.Metadata: java.lang.IllegalArgumentException: Provided Metadata instance has version 2.3.0, while maximum supported version is 2.2.0. To support newer versions, update the kotlin-metadata-jvm library.
2026-05-27T01:03:55.4715971+05:30 Info: Class kotlin.comparisons.ReversedComparator has malformed kotlin.Metadata: java.lang.IllegalArgumentException: Provided Metadata instance has version 2.3.0, while maximum supported version is 2.2.0. To support newer versions, update the kotlin-metadata-jvm library.
2026-05-27T01:03:55.4725892+05:30 Info: Class kotlin.internal.DynamicExtension has malformed kotlin.Metadata: java.lang.IllegalArgumentException: Provided Metadata instance has version 2.3.0, while maximum supported version is 2.2.0. To support newer versions, update the kotlin-metadata-jvm library.
2026-05-27T01:03:55.4735889+05:30 Info: Class kotlin.UByteArray has malformed kotlin.Metadata: java.lang.IllegalArgumentException: Provided Metadata instance has version 2.3.0, while maximum supported version is 2.2.0. To support newer versions, update the kotlin-metadata-jvm library.
2026-05-27T01:03:55.4760954+05:30 Info: Class kotlin.sequences.SubSequence has malformed kotlin.Metadata: java.lang.IllegalArgumentException: Provided Metadata instance has version 2.3.0, while maximum supported version is 2.2.0. To support newer versions, update the kotlin-metadata-jvm library.
2026-05-27T01:03:55.4816018+05:30 Info: Class kotlin.io.CloseableKt has malformed kotlin.Metadata: java.lang.IllegalArgumentException: Provided Metadata instance has version 2.3.0, while maximum supported version is 2.2.0. To support newer versions, update the kotlin-metadata-jvm library.
2026-05-27T01:03:55.4841103+05:30 Info: Class kotlin.jvm.functions.Function10 has malformed kotlin.Metadata: java.lang.IllegalArgumentException: Provided Metadata instance has version 2.3.0, while maximum supported version is 2.2.0. To support newer versions, update the kotlin-metadata-jvm library.
2026-05-27T01:03:55.4856285+05:30 Info: Class kotlin.ranges.RangesKt__RangesKt has malformed kotlin.Metadata: java.lang.IllegalArgumentException: Provided Metadata instance has version 2.3.0, while maximum supported version is 2.2.0. To support newer versions, update the kotlin-metadata-jvm library.
2026-05-27T01:03:55.4866220+05:30 Info: Class kotlin.ranges.IntRange$Companion has malformed kotlin.Metadata: java.lang.IllegalArgumentException: Provided Metadata instance has version 2.3.0, while maximum supported version is 2.2.0. To support newer versions, update the kotlin-metadata-jvm library.
2026-05-27T01:03:55.4886207+05:30 Info: Class kotlin.jvm.internal.DoubleCompanionObject has malformed kotlin.Metadata: java.lang.IllegalArgumentException: Provided Metadata instance has version 2.3.0, while maximum supported version is 2.2.0. To support newer versions, update the kotlin-metadata-jvm library.
2026-05-27T01:03:55.4891356+05:30 Info: Class kotlin.reflect.TypeOfKt has malformed kotlin.Metadata: java.lang.IllegalArgumentException: Provided Metadata instance has version 2.3.0, while maximum supported version is 2.2.0. To support newer versions, update the kotlin-metadata-jvm library.
2026-05-27T01:03:55.4926431+05:30 Info: Class kotlin.reflect.KMutableProperty0 has malformed kotlin.Metadata: java.lang.IllegalArgumentException: Provided Metadata instance has version 2.3.0, while maximum supported version is 2.2.0. To support newer versions, update the kotlin-metadata-jvm library.
2026-05-27T01:03:55.4996553+05:30 Info: Class kotlin.sequences.SequencesKt___SequencesKt$minus$2 has malformed kotlin.Metadata: java.lang.IllegalArgumentException: Provided Metadata instance has version 2.3.0, while maximum supported version is 2.2.0. To support newer versions, update the kotlin-metadata-jvm library.
2026-05-27T01:03:55.5006482+05:30 Info: Class kotlin.coroutines.CoroutineContext$Element$DefaultImpls has malformed kotlin.Metadata: java.lang.IllegalArgumentException: Provided Metadata instance has version 2.3.0, while maximum supported version is 2.2.0. To support newer versions, update the kotlin-metadata-jvm library.
2026-05-27T01:03:55.5026475+05:30 Info: Class kotlin.reflect.KParameter has malformed kotlin.Metadata: java.lang.IllegalArgumentException: Provided Metadata instance has version 2.3.0, while maximum supported version is 2.2.0. To support newer versions, update the kotlin-metadata-jvm library.
2026-05-27T01:03:55.5041548+05:30 Info: Class kotlin.collections.SlidingWindowKt has malformed kotlin.Metadata: java.lang.IllegalArgumentException: Provided Metadata instance has version 2.3.0, while maximum supported version is 2.2.0. To support newer versions, update the kotlin-metadata-jvm library.
2026-05-27T01:03:55.5397387+05:30 Info: Class kotlin.collections.ArraysKt___ArraysJvmKt$asList$2 has malformed kotlin.Metadata: java.lang.IllegalArgumentException: Provided Metadata instance has version 2.3.0, while maximum supported version is 2.2.0. To support newer versions, update the kotlin-metadata-jvm library.
2026-05-27T01:03:55.5407322+05:30 Info: Class com.google.maps.android.heatmaps.HeatmapTileProvider$Companion$Vector has malformed kotlin.Metadata: java.lang.IllegalArgumentException: Provided Metadata instance has version 2.3.0, while maximum supported version is 2.2.0. To support newer versions, update the kotlin-metadata-jvm library.
2026-05-27T01:03:55.5427307+05:30 Info: Class kotlin.text.TypeAliasesKt has malformed kotlin.Metadata: java.lang.IllegalArgumentException: Provided Metadata instance has version 2.3.0, while maximum supported version is 2.2.0. To support newer versions, update the kotlin-metadata-jvm library.
2026-05-27T01:03:55.5487457+05:30 Info: Class kotlin.sequences.SequencesKt__SequencesJVMKt has malformed kotlin.Metadata: java.lang.IllegalArgumentException: Provided Metadata instance has version 2.3.0, while maximum supported version is 2.2.0. To support newer versions, update the kotlin-metadata-jvm library.
2026-05-27T01:03:55.6500188+05:30 Info: Class kotlin.io.ExceptionsKt has malformed kotlin.Metadata: java.lang.IllegalArgumentException: Provided Metadata instance has version 2.3.0, while maximum supported version is 2.2.0. To support newer versions, update the kotlin-metadata-jvm library.
2026-05-27T01:03:55.6525316+05:30 Info: Class kotlin.concurrent.internal.AtomicIntrinsicsKt has malformed kotlin.Metadata: java.lang.IllegalArgumentException: Provided Metadata instance has version 2.3.0, while maximum supported version is 2.2.0. To support newer versions, update the kotlin-metadata-jvm library.
2026-05-27T01:03:55.6540497+05:30 Info: Class kotlin.Result$Companion has malformed kotlin.Metadata: java.lang.IllegalArgumentException: Provided Metadata instance has version 2.3.0, while maximum supported version is 2.2.0. To support newer versions, update the kotlin-metadata-jvm library.
2026-05-27T01:03:55.6550399+05:30 Info: Class kotlin.internal.JvmBuiltin has malformed kotlin.Metadata: java.lang.IllegalArgumentException: Provided Metadata instance has version 2.3.0, while maximum supported version is 2.2.0. To support newer versions, update the kotlin-metadata-jvm library.
2026-05-27T01:03:55.6560390+05:30 Info: Class kotlin.internal.PlatformImplementations has malformed kotlin.Metadata: java.lang.IllegalArgumentException: Provided Metadata instance has version 2.3.0, while maximum supported version is 2.2.0. To support newer versions, update the kotlin-metadata-jvm library.
2026-05-27T01:03:55.6580376+05:30 Info: Class kotlin.jvm.internal.FloatCompanionObject has malformed kotlin.Metadata: java.lang.IllegalArgumentException: Provided Metadata instance has version 2.3.0, while maximum supported version is 2.2.0. To support newer versions, update the kotlin-metadata-jvm library.
2026-05-27T01:03:55.6592843+05:30 Info: Class kotlin.reflect.KClassesImplKt has malformed kotlin.Metadata: java.lang.IllegalArgumentException: Provided Metadata instance has version 2.3.0, while maximum supported version is 2.2.0. To support newer versions, update the kotlin-metadata-jvm library.
2026-05-27T01:03:55.6602762+05:30 Info: Class kotlin.time.TimeSource$Companion has malformed kotlin.Metadata: java.lang.IllegalArgumentException: Provided Metadata instance has version 2.3.0, while maximum supported version is 2.2.0. To support newer versions, update the kotlin-metadata-jvm library.
2026-05-27T01:03:55.6637847+05:30 Info: Class kotlin.collections.AbstractIterator has malformed kotlin.Metadata: java.lang.IllegalArgumentException: Provided Metadata instance has version 2.3.0, while maximum supported version is 2.2.0. To support newer versions, update the kotlin-metadata-jvm library.
2026-05-27T01:03:55.6657837+05:30 Info: Class kotlin.coroutines.jvm.internal.GeneratedCodeMarkers has malformed kotlin.Metadata: java.lang.IllegalArgumentException: Provided Metadata instance has version 2.3.0, while maximum supported version is 2.2.0. To support newer versions, update the kotlin-metadata-jvm library.
2026-05-27T01:03:55.6667833+05:30 Info: Class kotlin.collections.MapAccessorsKt has malformed kotlin.Metadata: java.lang.IllegalArgumentException: Provided Metadata instance has version 2.3.0, while maximum supported version is 2.2.0. To support newer versions, update the kotlin-metadata-jvm library.
2026-05-27T01:03:55.6682986+05:30 Info: Class kotlin.sequences.SequencesKt___SequencesKt$minus$1 has malformed kotlin.Metadata: java.lang.IllegalArgumentException: Provided Metadata instance has version 2.3.0, while maximum supported version is 2.2.0. To support newer versions, update the kotlin-metadata-jvm library.
2026-05-27T01:03:55.6702905+05:30 Info: Class kotlin.UninitializedPropertyAccessException has malformed kotlin.Metadata: java.lang.IllegalArgumentException: Provided Metadata instance has version 2.3.0, while maximum supported version is 2.2.0. To support newer versions, update the kotlin-metadata-jvm library.
2026-05-27T01:03:55.6712908+05:30 Info: Class kotlin.sequences.SequencesKt___SequencesKt$sortedWith$1 has malformed kotlin.Metadata: java.lang.IllegalArgumentException: Provided Metadata instance has version 2.3.0, while maximum supported version is 2.2.0. To support newer versions, update the kotlin-metadata-jvm library.
2026-05-27T01:03:55.6722894+05:30 Info: Class kotlin.coroutines.CoroutineContextImplKt has malformed kotlin.Metadata: java.lang.IllegalArgumentException: Provided Metadata instance has version 2.3.0, while maximum supported version is 2.2.0. To support newer versions, update the kotlin-metadata-jvm library.
2026-05-27T01:03:55.6732893+05:30 Info: Class kotlin.collections.ArraysKt___ArraysJvmKt$asList$3 has malformed kotlin.Metadata: java.lang.IllegalArgumentException: Provided Metadata instance has version 2.3.0, while maximum supported version is 2.2.0. To support newer versions, update the kotlin-metadata-jvm library.
2026-05-27T01:03:55.6754620+05:30 Info: Class kotlin.jvm.internal.markers.KMutableIterable has malformed kotlin.Metadata: java.lang.IllegalArgumentException: Provided Metadata instance has version 2.3.0, while maximum supported version is 2.2.0. To support newer versions, update the kotlin-metadata-jvm library.
2026-05-27T01:03:55.6764526+05:30 Info: Class kotlin.UByteArray$Iterator has malformed kotlin.Metadata: java.lang.IllegalArgumentException: Provided Metadata instance has version 2.3.0, while maximum supported version is 2.2.0. To support newer versions, update the kotlin-metadata-jvm library.
2026-05-27T01:03:55.6799613+05:30 Info: Class kotlin.sequences.MergingSequence has malformed kotlin.Metadata: java.lang.IllegalArgumentException: Provided Metadata instance has version 2.3.0, while maximum supported version is 2.2.0. To support newer versions, update the kotlin-metadata-jvm library.
2026-05-27T01:03:55.6819603+05:30 Info: Class kotlin.sequences.SequencesKt___SequencesKt$runningFold$1 has malformed kotlin.Metadata: java.lang.IllegalArgumentException: Provided Metadata instance has version 2.3.0, while maximum supported version is 2.2.0. To support newer versions, update the kotlin-metadata-jvm library.
2026-05-27T01:03:55.6834684+05:30 Info: Class kotlin.time.ComparableTimeMark has malformed kotlin.Metadata: java.lang.IllegalArgumentException: Provided Metadata instance has version 2.3.0, while maximum supported version is 2.2.0. To support newer versions, update the kotlin-metadata-jvm library.
2026-05-27T01:03:55.6844681+05:30 Info: Class kotlin.time.LongParser$Companion has malformed kotlin.Metadata: java.lang.IllegalArgumentException: Provided Metadata instance has version 2.3.0, while maximum supported version is 2.2.0. To support newer versions, update the kotlin-metadata-jvm library.
2026-05-27T01:03:55.6859836+05:30 Info: Class kotlin.coroutines.CoroutineContext$Element has malformed kotlin.Metadata: java.lang.IllegalArgumentException: Provided Metadata instance has version 2.3.0, while maximum supported version is 2.2.0. To support newer versions, update the kotlin-metadata-jvm library.
2026-05-27T01:03:55.7401003+05:30 Info: Class kotlin.time.ExperimentalTime has malformed kotlin.Metadata: java.lang.IllegalArgumentException: Provided Metadata instance has version 2.3.0, while maximum supported version is 2.2.0. To support newer versions, update the kotlin-metadata-jvm library.
2026-05-27T01:03:55.7426156+05:30 Info: Class kotlin.RequiresOptIn$Level has malformed kotlin.Metadata: java.lang.IllegalArgumentException: Provided Metadata instance has version 2.3.0, while maximum supported version is 2.2.0. To support newer versions, update the kotlin-metadata-jvm library.
2026-05-27T01:03:55.7471156+05:30 Info: Class kotlin.sequences.SequencesKt__SequencesKt has malformed kotlin.Metadata: java.lang.IllegalArgumentException: Provided Metadata instance has version 2.3.0, while maximum supported version is 2.2.0. To support newer versions, update the kotlin-metadata-jvm library.
2026-05-27T01:03:55.7491147+05:30 Info: Class kotlin.reflect.ParameterizedTypeImpl has malformed kotlin.Metadata: java.lang.IllegalArgumentException: Provided Metadata instance has version 2.3.0, while maximum supported version is 2.2.0. To support newer versions, update the kotlin-metadata-jvm library.
2026-05-27T01:03:55.7506221+05:30 Info: Class kotlin.UNumbersKt has malformed kotlin.Metadata: java.lang.IllegalArgumentException: Provided Metadata instance has version 2.3.0, while maximum supported version is 2.2.0. To support newer versions, update the kotlin-metadata-jvm library.
2026-05-27T01:03:55.7516212+05:30 Info: Class kotlin.properties.Delegates$observable$1 has malformed kotlin.Metadata: java.lang.IllegalArgumentException: Provided Metadata instance has version 2.3.0, while maximum supported version is 2.2.0. To support newer versions, update the kotlin-metadata-jvm library.
2026-05-27T01:03:55.7531288+05:30 Info: Class kotlin.io.SerializableKt has malformed kotlin.Metadata: java.lang.IllegalArgumentException: Provided Metadata instance has version 2.3.0, while maximum supported version is 2.2.0. To support newer versions, update the kotlin-metadata-jvm library.
2026-05-27T01:03:55.7541281+05:30 Info: Class kotlin.jvm.internal.ByteSpreadBuilder has malformed kotlin.Metadata: java.lang.IllegalArgumentException: Provided Metadata instance has version 2.3.0, while maximum supported version is 2.2.0. To support newer versions, update the kotlin-metadata-jvm library.
2026-05-27T01:03:55.7556450+05:30 Info: Class kotlin.jvm.JvmSerializableLambda has malformed kotlin.Metadata: java.lang.IllegalArgumentException: Provided Metadata instance has version 2.3.0, while maximum supported version is 2.2.0. To support newer versions, update the kotlin-metadata-jvm library.
2026-05-27T01:03:55.7601401+05:30 Info: Class kotlin.streams.jdk8.StreamsKt$asSequence$$inlined$Sequence$1 has malformed kotlin.Metadata: java.lang.IllegalArgumentException: Provided Metadata instance has version 2.3.0, while maximum supported version is 2.2.0. To support newer versions, update the kotlin-metadata-jvm library.
2026-05-27T01:03:55.8517258+05:30 Info: Class kotlin.ranges.ULongProgressionIterator has malformed kotlin.Metadata: java.lang.IllegalArgumentException: Provided Metadata instance has version 2.3.0, while maximum supported version is 2.2.0. To support newer versions, update the kotlin-metadata-jvm library.
2026-05-27T01:03:55.8532475+05:30 Info: Class kotlin.sequences.SequencesKt___SequencesKt$groupingBy$1 has malformed kotlin.Metadata: java.lang.IllegalArgumentException: Provided Metadata instance has version 2.3.0, while maximum supported version is 2.2.0. To support newer versions, update the kotlin-metadata-jvm library.
2026-05-27T01:03:55.8542322+05:30 Info: Class kotlin.text.MatchNamedGroupCollection has malformed kotlin.Metadata: java.lang.IllegalArgumentException: Provided Metadata instance has version 2.3.0, while maximum supported version is 2.2.0. To support newer versions, update the kotlin-metadata-jvm library.
2026-05-27T01:03:55.8552322+05:30 Info: Class kotlin.jvm.ImplicitlyActualizedByJvmDeclaration has malformed kotlin.Metadata: java.lang.IllegalArgumentException: Provided Metadata instance has version 2.3.0, while maximum supported version is 2.2.0. To support newer versions, update the kotlin-metadata-jvm library.
2026-05-27T01:03:55.8572301+05:30 Info: Class kotlin.collections.MutableMapWithDefault has malformed kotlin.Metadata: java.lang.IllegalArgumentException: Provided Metadata instance has version 2.3.0, while maximum supported version is 2.2.0. To support newer versions, update the kotlin-metadata-jvm library.
2026-05-27T01:03:55.8583829+05:30 Info: Class kotlin.io.encoding.Base64$Default has malformed kotlin.Metadata: java.lang.IllegalArgumentException: Provided Metadata instance has version 2.3.0, while maximum supported version is 2.2.0. To support newer versions, update the kotlin-metadata-jvm library.
2026-05-27T01:03:55.8593749+05:30 Info: Class kotlin.coroutines.intrinsics.IntrinsicsKt__IntrinsicsJvmKt has malformed kotlin.Metadata: java.lang.IllegalArgumentException: Provided Metadata instance has version 2.3.0, while maximum supported version is 2.2.0. To support newer versions, update the kotlin-metadata-jvm library.
2026-05-27T01:03:55.8603756+05:30 Info: Class kotlin.io.path.PathWalkOption has malformed kotlin.Metadata: java.lang.IllegalArgumentException: Provided Metadata instance has version 2.3.0, while maximum supported version is 2.2.0. To support newer versions, update the kotlin-metadata-jvm library.
2026-05-27T01:03:55.9477746+05:30 Info: Class kotlin.collections.AbstractMutableSet has malformed kotlin.Metadata: java.lang.IllegalArgumentException: Provided Metadata instance has version 2.3.0, while maximum supported version is 2.2.0. To support newer versions, update the kotlin-metadata-jvm library.
2026-05-27T01:03:55.9497675+05:30 Info: Class kotlin.annotation.Retention has malformed kotlin.Metadata: java.lang.IllegalArgumentException: Provided Metadata instance has version 2.3.0, while maximum supported version is 2.2.0. To support newer versions, update the kotlin-metadata-jvm library.
2026-05-27T01:03:55.9512794+05:30 Info: Class kotlin.streams.jdk8.StreamsKt$asSequence$$inlined$Sequence$2 has malformed kotlin.Metadata: java.lang.IllegalArgumentException: Provided Metadata instance has version 2.3.0, while maximum supported version is 2.2.0. To support newer versions, update the kotlin-metadata-jvm library.
2026-05-27T01:03:55.9522726+05:30 Info: Class kotlin.text.StringsKt__StringsKt$iterator$1 has malformed kotlin.Metadata: java.lang.IllegalArgumentException: Provided Metadata instance has version 2.3.0, while maximum supported version is 2.2.0. To support newer versions, update the kotlin-metadata-jvm library.
2026-05-27T01:03:55.9532719+05:30 Info: Class kotlin.experimental.ExperimentalNativeApi has malformed kotlin.Metadata: java.lang.IllegalArgumentException: Provided Metadata instance has version 2.3.0, while maximum supported version is 2.2.0. To support newer versions, update the kotlin-metadata-jvm library.
2026-05-27T01:03:55.9557781+05:30 Info: Class kotlin.ranges.URangesKt has malformed kotlin.Metadata: java.lang.IllegalArgumentException: Provided Metadata instance has version 2.3.0, while maximum supported version is 2.2.0. To support newer versions, update the kotlin-metadata-jvm library.
2026-05-27T01:03:55.9567783+05:30 Info: Class kotlin.coroutines.intrinsics.IntrinsicsKt__IntrinsicsKt has malformed kotlin.Metadata: java.lang.IllegalArgumentException: Provided Metadata instance has version 2.3.0, while maximum supported version is 2.2.0. To support newer versions, update the kotlin-metadata-jvm library.
2026-05-27T01:03:55.9582922+05:30 Info: Class kotlin.comparisons.ComparisonsKt___ComparisonsJvmKt has malformed kotlin.Metadata: java.lang.IllegalArgumentException: Provided Metadata instance has version 2.3.0, while maximum supported version is 2.2.0. To support newer versions, update the kotlin-metadata-jvm library.
2026-05-27T01:03:56.0417628+05:30 Info: Class kotlin.collections.CollectionsKt__IteratorsJVMKt has malformed kotlin.Metadata: java.lang.IllegalArgumentException: Provided Metadata instance has version 2.3.0, while maximum supported version is 2.2.0. To support newer versions, update the kotlin-metadata-jvm library.
2026-05-27T01:03:56.0432786+05:30 Info: Class kotlin.ranges.RangesKt___RangesKt has malformed kotlin.Metadata: java.lang.IllegalArgumentException: Provided Metadata instance has version 2.3.0, while maximum supported version is 2.2.0. To support newer versions, update the kotlin-metadata-jvm library.
2026-05-27T01:03:56.0487770+05:30 Info: Class kotlin.collections.ArraysKt has malformed kotlin.Metadata: java.lang.IllegalArgumentException: Provided Metadata instance has version 2.3.0, while maximum supported version is 2.2.0. To support newer versions, update the kotlin-metadata-jvm library.
2026-05-27T01:03:56.0522845+05:30 Info: Class kotlin.collections.ArraysKt___ArraysJvmKt$asList$7 has malformed kotlin.Metadata: java.lang.IllegalArgumentException: Provided Metadata instance has version 2.3.0, while maximum supported version is 2.2.0. To support newer versions, update the kotlin-metadata-jvm library.
2026-05-27T01:03:56.0592984+05:30 Info: Class kotlin.jvm.internal.TypeParameterReference$Companion has malformed kotlin.Metadata: java.lang.IllegalArgumentException: Provided Metadata instance has version 2.3.0, while maximum supported version is 2.2.0. To support newer versions, update the kotlin-metadata-jvm library.
2026-05-27T01:03:56.0663143+05:30 Info: Class kotlin.ranges.IntRange has malformed kotlin.Metadata: java.lang.IllegalArgumentException: Provided Metadata instance has version 2.3.0, while maximum supported version is 2.2.0. To support newer versions, update the kotlin-metadata-jvm library.
2026-05-27T01:03:56.0688236+05:30 Info: Class kotlin.streams.jdk8.StreamsKt$asSequence$$inlined$Sequence$3 has malformed kotlin.Metadata: java.lang.IllegalArgumentException: Provided Metadata instance has version 2.3.0, while maximum supported version is 2.2.0. To support newer versions, update the kotlin-metadata-jvm library.
2026-05-27T01:03:56.0708219+05:30 Info: Class kotlin.io.path.ExperimentalPathApi has malformed kotlin.Metadata: java.lang.IllegalArgumentException: Provided Metadata instance has version 2.3.0, while maximum supported version is 2.2.0. To support newer versions, update the kotlin-metadata-jvm library.
2026-05-27T01:03:56.0723309+05:30 Info: Class kotlin.text.HexFormat$Companion has malformed kotlin.Metadata: java.lang.IllegalArgumentException: Provided Metadata instance has version 2.3.0, while maximum supported version is 2.2.0. To support newer versions, update the kotlin-metadata-jvm library.
2026-05-27T01:03:56.0733299+05:30 Info: Class kotlin.text.StringsKt__StringsJVMKt has malformed kotlin.Metadata: java.lang.IllegalArgumentException: Provided Metadata instance has version 2.3.0, while maximum supported version is 2.2.0. To support newer versions, update the kotlin-metadata-jvm library.
2026-05-27T01:03:56.0758368+05:30 Info: Class kotlin.time.InstantJvmKt has malformed kotlin.Metadata: java.lang.IllegalArgumentException: Provided Metadata instance has version 2.3.0, while maximum supported version is 2.2.0. To support newer versions, update the kotlin-metadata-jvm library.
2026-05-27T01:03:56.0808640+05:30 Info: Class kotlin.text.jdk8.RegexExtensionsJDK8Kt has malformed kotlin.Metadata: java.lang.IllegalArgumentException: Provided Metadata instance has version 2.3.0, while maximum supported version is 2.2.0. To support newer versions, update the kotlin-metadata-jvm library.
2026-05-27T01:03:56.0843764+05:30 Info: Class kotlin.io.FileAlreadyExistsException has malformed kotlin.Metadata: java.lang.IllegalArgumentException: Provided Metadata instance has version 2.3.0, while maximum supported version is 2.2.0. To support newer versions, update the kotlin-metadata-jvm library.
2026-05-27T01:03:56.1508685+05:30 Info: Class kotlin.math.MathKt__MathHKt has malformed kotlin.Metadata: java.lang.IllegalArgumentException: Provided Metadata instance has version 2.3.0, while maximum supported version is 2.2.0. To support newer versions, update the kotlin-metadata-jvm library.
2026-05-27T01:03:56.1528659+05:30 Info: Class kotlin.reflect.KMutableProperty has malformed kotlin.Metadata: java.lang.IllegalArgumentException: Provided Metadata instance has version 2.3.0, while maximum supported version is 2.2.0. To support newer versions, update the kotlin-metadata-jvm library.
2026-05-27T01:03:56.1543735+05:30 Info: Class kotlin.collections.ArraysKt___ArraysJvmKt$asList$8 has malformed kotlin.Metadata: java.lang.IllegalArgumentException: Provided Metadata instance has version 2.3.0, while maximum supported version is 2.2.0. To support newer versions, update the kotlin-metadata-jvm library.
2026-05-27T01:03:56.1553731+05:30 Info: Class kotlin.io.FileTreeWalk$FileTreeWalkIterator has malformed kotlin.Metadata: java.lang.IllegalArgumentException: Provided Metadata instance has version 2.3.0, while maximum supported version is 2.2.0. To support newer versions, update the kotlin-metadata-jvm library.
2026-05-27T01:03:56.1568937+05:30 Info: Class kotlin.properties.ReadWriteProperty has malformed kotlin.Metadata: java.lang.IllegalArgumentException: Provided Metadata instance has version 2.3.0, while maximum supported version is 2.2.0. To support newer versions, update the kotlin-metadata-jvm library.
2026-05-27T01:03:56.1588826+05:30 Info: Class kotlin.streams.jdk8.StreamsKt$asSequence$$inlined$Sequence$4 has malformed kotlin.Metadata: java.lang.IllegalArgumentException: Provided Metadata instance has version 2.3.0, while maximum supported version is 2.2.0. To support newer versions, update the kotlin-metadata-jvm library.
2026-05-27T01:03:56.1603985+05:30 Info: Class kotlin.enums.EnumEntriesKt has malformed kotlin.Metadata: java.lang.IllegalArgumentException: Provided Metadata instance has version 2.3.0, while maximum supported version is 2.2.0. To support newer versions, update the kotlin-metadata-jvm library.
2026-05-27T01:03:56.1639157+05:30 Info: Class kotlin.time.DurationUnitKt__DurationUnitJvmKt has malformed kotlin.Metadata: java.lang.IllegalArgumentException: Provided Metadata instance has version 2.3.0, while maximum supported version is 2.2.0. To support newer versions, update the kotlin-metadata-jvm library.
2026-05-27T01:03:56.1659019+05:30 Info: Class kotlin.ranges.LongRange$Companion has malformed kotlin.Metadata: java.lang.IllegalArgumentException: Provided Metadata instance has version 2.3.0, while maximum supported version is 2.2.0. To support newer versions, update the kotlin-metadata-jvm library.
2026-05-27T01:03:56.1674177+05:30 Info: Class kotlin.annotation.MustBeDocumented has malformed kotlin.Metadata: java.lang.IllegalArgumentException: Provided Metadata instance has version 2.3.0, while maximum supported version is 2.2.0. To support newer versions, update the kotlin-metadata-jvm library.
2026-05-27T01:03:56.2505894+05:30 Info: Class kotlin.reflect.KTypeParameter has malformed kotlin.Metadata: java.lang.IllegalArgumentException: Provided Metadata instance has version 2.3.0, while maximum supported version is 2.2.0. To support newer versions, update the kotlin-metadata-jvm library.
2026-05-27T01:03:56.2525845+05:30 Info: Class kotlin.text.StringsKt__StringsKt has malformed kotlin.Metadata: java.lang.IllegalArgumentException: Provided Metadata instance has version 2.3.0, while maximum supported version is 2.2.0. To support newer versions, update the kotlin-metadata-jvm library.
2026-05-27T01:03:56.2540934+05:30 Info: Class kotlin.coroutines.jvm.internal.RestrictedContinuationImpl has malformed kotlin.Metadata: java.lang.IllegalArgumentException: Provided Metadata instance has version 2.3.0, while maximum supported version is 2.2.0. To support newer versions, update the kotlin-metadata-jvm library.
2026-05-27T01:03:56.2556077+05:30 Info: Class kotlin.io.encoding.EncodeOutputStream has malformed kotlin.Metadata: java.lang.IllegalArgumentException: Provided Metadata instance has version 2.3.0, while maximum supported version is 2.2.0. To support newer versions, update the kotlin-metadata-jvm library.
2026-05-27T01:03:56.2566011+05:30 Info: Class kotlin.time.ClocksKt$asClock$1 has malformed kotlin.Metadata: java.lang.IllegalArgumentException: Provided Metadata instance has version 2.3.0, while maximum supported version is 2.2.0. To support newer versions, update the kotlin-metadata-jvm library.
2026-05-27T01:03:56.2576017+05:30 Info: Class kotlin.ranges.ClosedFloatingPointRange$DefaultImpls has malformed kotlin.Metadata: java.lang.IllegalArgumentException: Provided Metadata instance has version 2.3.0, while maximum supported version is 2.2.0. To support newer versions, update the kotlin-metadata-jvm library.
2026-05-27T01:03:56.2601067+05:30 Info: Class com.google.maps.android.StreetViewUtils has malformed kotlin.Metadata: java.lang.IllegalArgumentException: Provided Metadata instance has version 2.3.0, while maximum supported version is 2.2.0. To support newer versions, update the kotlin-metadata-jvm library.
2026-05-27T01:03:56.2636140+05:30 Info: Class com.google.maps.android.heatmaps.WeightedLatLng$Companion has malformed kotlin.Metadata: java.lang.IllegalArgumentException: Provided Metadata instance has version 2.3.0, while maximum supported version is 2.2.0. To support newer versions, update the kotlin-metadata-jvm library.
2026-05-27T01:03:56.2726250+05:30 Info: Class kotlin.coroutines.jvm.internal.DebugMetadataKt has malformed kotlin.Metadata: java.lang.IllegalArgumentException: Provided Metadata instance has version 2.3.0, while maximum supported version is 2.2.0. To support newer versions, update the kotlin-metadata-jvm library.
2026-05-27T01:03:56.2741322+05:30 Info: Class kotlin.time.jdk8.InstantConversionsJDK8Kt has malformed kotlin.Metadata: java.lang.IllegalArgumentException: Provided Metadata instance has version 2.3.0, while maximum supported version is 2.2.0. To support newer versions, update the kotlin-metadata-jvm library.
2026-05-27T01:03:56.2751325+05:30 Info: Class kotlin.Metadata has malformed kotlin.Metadata: java.lang.IllegalArgumentException: Provided Metadata instance has version 2.3.0, while maximum supported version is 2.2.0. To support newer versions, update the kotlin-metadata-jvm library.
2026-05-27T01:03:56.2766457+05:30 Info: Class kotlin.collections.MovingSubList has malformed kotlin.Metadata: java.lang.IllegalArgumentException: Provided Metadata instance has version 2.3.0, while maximum supported version is 2.2.0. To support newer versions, update the kotlin-metadata-jvm library.
2026-05-27T01:03:56.2801562+05:30 Info: Class kotlin.jvm.internal.PackageReference has malformed kotlin.Metadata: java.lang.IllegalArgumentException: Provided Metadata instance has version 2.3.0, while maximum supported version is 2.2.0. To support newer versions, update the kotlin-metadata-jvm library.
2026-05-27T01:03:56.3393182+05:30 Info: Class kotlin.jvm.Volatile has malformed kotlin.Metadata: java.lang.IllegalArgumentException: Provided Metadata instance has version 2.3.0, while maximum supported version is 2.2.0. To support newer versions, update the kotlin-metadata-jvm library.
2026-05-27T01:03:56.3413104+05:30 Info: Class kotlin.collections.CollectionsKt__CollectionsKt$binarySearchBy$1 has malformed kotlin.Metadata: java.lang.IllegalArgumentException: Provided Metadata instance has version 2.3.0, while maximum supported version is 2.2.0. To support newer versions, update the kotlin-metadata-jvm library.
2026-05-27T01:03:56.3428145+05:30 Info: Class kotlin.jvm.internal.TypeParameterReference$Companion$WhenMappings has malformed kotlin.Metadata: java.lang.IllegalArgumentException: Provided Metadata instance has version 2.3.0, while maximum supported version is 2.2.0. To support newer versions, update the kotlin-metadata-jvm library.
2026-05-27T01:03:56.3438416+05:30 Info: Class kotlin.reflect.KCallable has malformed kotlin.Metadata: java.lang.IllegalArgumentException: Provided Metadata instance has version 2.3.0, while maximum supported version is 2.2.0. To support newer versions, update the kotlin-metadata-jvm library.
2026-05-27T01:03:56.4670371+05:30 Info: Class kotlin.jvm.internal.markers.KMutableSet has malformed kotlin.Metadata: java.lang.IllegalArgumentException: Provided Metadata instance has version 2.3.0, while maximum supported version is 2.2.0. To support newer versions, update the kotlin-metadata-jvm library.
2026-05-27T01:03:56.4690360+05:30 Info: Class kotlin.jvm.internal.ArrayIteratorKt has malformed kotlin.Metadata: java.lang.IllegalArgumentException: Provided Metadata instance has version 2.3.0, while maximum supported version is 2.2.0. To support newer versions, update the kotlin-metadata-jvm library.
2026-05-27T01:03:56.4705719+05:30 Info: Class kotlin.text.StringsKt___StringsKt$groupingBy$1 has malformed kotlin.Metadata: java.lang.IllegalArgumentException: Provided Metadata instance has version 2.3.0, while maximum supported version is 2.2.0. To support newer versions, update the kotlin-metadata-jvm library.
2026-05-27T01:03:56.4725660+05:30 Info: Class kotlin.jvm.internal.ClassReference has malformed kotlin.Metadata: java.lang.IllegalArgumentException: Provided Metadata instance has version 2.3.0, while maximum supported version is 2.2.0. To support newer versions, update the kotlin-metadata-jvm library.
2026-05-27T01:03:56.4740813+05:30 Info: Class kotlin.text.CharCategory has malformed kotlin.Metadata: java.lang.IllegalArgumentException: Provided Metadata instance has version 2.3.0, while maximum supported version is 2.2.0. To support newer versions, update the kotlin-metadata-jvm library.
2026-05-27T01:03:56.4760737+05:30 Info: Class kotlin.coroutines.EmptyCoroutineContext has malformed kotlin.Metadata: java.lang.IllegalArgumentException: Provided Metadata instance has version 2.3.0, while maximum supported version is 2.2.0. To support newer versions, update the kotlin-metadata-jvm library.
2026-05-27T01:03:56.4821134+05:30 Info: Class kotlin.sequences.FilteringSequence has malformed kotlin.Metadata: java.lang.IllegalArgumentException: Provided Metadata instance has version 2.3.0, while maximum supported version is 2.2.0. To support newer versions, update the kotlin-metadata-jvm library.
2026-05-27T01:03:56.4841062+05:30 Info: Class kotlin.collections.MapsKt__MapsKt has malformed kotlin.Metadata: java.lang.IllegalArgumentException: Provided Metadata instance has version 2.3.0, while maximum supported version is 2.2.0. To support newer versions, update the kotlin-metadata-jvm library.
2026-05-27T01:03:56.4856212+05:30 Info: Class kotlin.jvm.JvmName has malformed kotlin.Metadata: java.lang.IllegalArgumentException: Provided Metadata instance has version 2.3.0, while maximum supported version is 2.2.0. To support newer versions, update the kotlin-metadata-jvm library.
2026-05-27T01:03:56.4876146+05:30 Info: Class kotlin.js.ExperimentalJsExport has malformed kotlin.Metadata: java.lang.IllegalArgumentException: Provided Metadata instance has version 2.3.0, while maximum supported version is 2.2.0. To support newer versions, update the kotlin-metadata-jvm library.
2026-05-27T01:03:56.4886343+05:30 Info: Class kotlin.collections.AbstractMap$values$1$iterator$1 has malformed kotlin.Metadata: java.lang.IllegalArgumentException: Provided Metadata instance has version 2.3.0, while maximum supported version is 2.2.0. To support newer versions, update the kotlin-metadata-jvm library.
2026-05-27T01:03:56.4901406+05:30 Info: Class kotlin.UIntArray$Iterator has malformed kotlin.Metadata: java.lang.IllegalArgumentException: Provided Metadata instance has version 2.3.0, while maximum supported version is 2.2.0. To support newer versions, update the kotlin-metadata-jvm library.
2026-05-27T01:03:56.4911391+05:30 Info: Class kotlin.time.TimeSource$Monotonic has malformed kotlin.Metadata: java.lang.IllegalArgumentException: Provided Metadata instance has version 2.3.0, while maximum supported version is 2.2.0. To support newer versions, update the kotlin-metadata-jvm library.
2026-05-27T01:03:56.4921389+05:30 Info: Class kotlin.collections.builders.ListBuilder$BuilderSubList has malformed kotlin.Metadata: java.lang.IllegalArgumentException: Provided Metadata instance has version 2.3.0, while maximum supported version is 2.2.0. To support newer versions, update the kotlin-metadata-jvm library.
2026-05-27T01:03:56.4936488+05:30 Info: Class kotlin.contracts.CallsInPlace has malformed kotlin.Metadata: java.lang.IllegalArgumentException: Provided Metadata instance has version 2.3.0, while maximum supported version is 2.2.0. To support newer versions, update the kotlin-metadata-jvm library.
2026-05-27T01:03:56.4971594+05:30 Info: Class kotlin.random.KotlinRandom has malformed kotlin.Metadata: java.lang.IllegalArgumentException: Provided Metadata instance has version 2.3.0, while maximum supported version is 2.2.0. To support newer versions, update the kotlin-metadata-jvm library.
2026-05-27T01:03:56.4991518+05:30 Info: Class kotlin.random.XorWowRandom$Companion has malformed kotlin.Metadata: java.lang.IllegalArgumentException: Provided Metadata instance has version 2.3.0, while maximum supported version is 2.2.0. To support newer versions, update the kotlin-metadata-jvm library.
2026-05-27T01:03:56.5011710+05:30 Info: Class kotlin.collections.UCollectionsKt___UCollectionsKt has malformed kotlin.Metadata: java.lang.IllegalArgumentException: Provided Metadata instance has version 2.3.0, while maximum supported version is 2.2.0. To support newer versions, update the kotlin-metadata-jvm library.
2026-05-27T01:03:56.5437916+05:30 Info: Class kotlin.jvm.internal.FunctionBase has malformed kotlin.Metadata: java.lang.IllegalArgumentException: Provided Metadata instance has version 2.3.0, while maximum supported version is 2.2.0. To support newer versions, update the kotlin-metadata-jvm library.
2026-05-27T01:03:56.5778863+05:30 Info: Class com.google.maps.android.Status has malformed kotlin.Metadata: java.lang.IllegalArgumentException: Provided Metadata instance has version 2.3.0, while maximum supported version is 2.2.0. To support newer versions, update the kotlin-metadata-jvm library.
2026-05-27T01:03:56.6391484+05:30 Info: Class kotlin.io.path.PathTreeWalkKt has malformed kotlin.Metadata: java.lang.IllegalArgumentException: Provided Metadata instance has version 2.3.0, while maximum supported version is 2.2.0. To support newer versions, update the kotlin-metadata-jvm library.
2026-05-27T01:03:56.6416551+05:30 Info: Class kotlin.internal.jdk7.JDK7PlatformImplementations has malformed kotlin.Metadata: java.lang.IllegalArgumentException: Provided Metadata instance has version 2.3.0, while maximum supported version is 2.2.0. To support newer versions, update the kotlin-metadata-jvm library.
2026-05-27T01:03:56.6426542+05:30 Info: Class kotlin.collections.builders.SerializedCollection$Companion has malformed kotlin.Metadata: java.lang.IllegalArgumentException: Provided Metadata instance has version 2.3.0, while maximum supported version is 2.2.0. To support newer versions, update the kotlin-metadata-jvm library.
2026-05-27T01:03:56.6446758+05:30 Info: Class kotlin.reflect.KClass$DefaultImpls has malformed kotlin.Metadata: java.lang.IllegalArgumentException: Provided Metadata instance has version 2.3.0, while maximum supported version is 2.2.0. To support newer versions, update the kotlin-metadata-jvm library.
2026-05-27T01:03:56.6486893+05:30 Info: Class kotlin.experimental.ExperimentalTypeInference has malformed kotlin.Metadata: java.lang.IllegalArgumentException: Provided Metadata instance has version 2.3.0, while maximum supported version is 2.2.0. To support newer versions, update the kotlin-metadata-jvm library.
2026-05-27T01:03:56.6512026+05:30 Info: Class kotlin.collections.CollectionsKt___CollectionsKt$asSequence$$inlined$Sequence$1 has malformed kotlin.Metadata: java.lang.IllegalArgumentException: Provided Metadata instance has version 2.3.0, while maximum supported version is 2.2.0. To support newer versions, update the kotlin-metadata-jvm library.
2026-05-27T01:03:56.6521950+05:30 Info: Class kotlin.time.InstantParseResult$Success has malformed kotlin.Metadata: java.lang.IllegalArgumentException: Provided Metadata instance has version 2.3.0, while maximum supported version is 2.2.0. To support newer versions, update the kotlin-metadata-jvm library.
2026-05-27T01:03:56.6531946+05:30 Info: Class kotlin.reflect.KCallable$DefaultImpls has malformed kotlin.Metadata: java.lang.IllegalArgumentException: Provided Metadata instance has version 2.3.0, while maximum supported version is 2.2.0. To support newer versions, update the kotlin-metadata-jvm library.
2026-05-27T01:03:56.6552180+05:30 Info: Class kotlin.NoWhenBranchMatchedException has malformed kotlin.Metadata: java.lang.IllegalArgumentException: Provided Metadata instance has version 2.3.0, while maximum supported version is 2.2.0. To support newer versions, update the kotlin-metadata-jvm library.
2026-05-27T01:03:56.6557304+05:30 Info: Class kotlin.sequences.SequencesKt__SequencesKt$asSequence$$inlined$Sequence$1 has malformed kotlin.Metadata: java.lang.IllegalArgumentException: Provided Metadata instance has version 2.3.0, while maximum supported version is 2.2.0. To support newer versions, update the kotlin-metadata-jvm library.
2026-05-27T01:03:56.6577235+05:30 Info: Class kotlin.time.InstantKt has malformed kotlin.Metadata: java.lang.IllegalArgumentException: Provided Metadata instance has version 2.3.0, while maximum supported version is 2.2.0. To support newer versions, update the kotlin-metadata-jvm library.
2026-05-27T01:03:56.7513927+05:30 Info: Class kotlin.sequences.DropSequence$iterator$1 has malformed kotlin.Metadata: java.lang.IllegalArgumentException: Provided Metadata instance has version 2.3.0, while maximum supported version is 2.2.0. To support newer versions, update the kotlin-metadata-jvm library.
2026-05-27T01:03:56.7539094+05:30 Info: Class kotlin.collections.ArrayDeque has malformed kotlin.Metadata: java.lang.IllegalArgumentException: Provided Metadata instance has version 2.3.0, while maximum supported version is 2.2.0. To support newer versions, update the kotlin-metadata-jvm library.
2026-05-27T01:03:56.7569004+05:30 Info: Class kotlin.io.AccessDeniedException has malformed kotlin.Metadata: java.lang.IllegalArgumentException: Provided Metadata instance has version 2.3.0, while maximum supported version is 2.2.0. To support newer versions, update the kotlin-metadata-jvm library.
2026-05-27T01:03:56.7584099+05:30 Info: Class kotlin.jvm.JvmDefault has malformed kotlin.Metadata: java.lang.IllegalArgumentException: Provided Metadata instance has version 2.3.0, while maximum supported version is 2.2.0. To support newer versions, update the kotlin-metadata-jvm library.
2026-05-27T01:03:56.7609238+05:30 Info: Class kotlin.js.ExperimentalJsReflectionCreateInstance has malformed kotlin.Metadata: java.lang.IllegalArgumentException: Provided Metadata instance has version 2.3.0, while maximum supported version is 2.2.0. To support newer versions, update the kotlin-metadata-jvm library.
2026-05-27T01:03:56.7644672+05:30 Info: Class kotlin.io.FileTreeWalk$FileTreeWalkIterator$WhenMappings has malformed kotlin.Metadata: java.lang.IllegalArgumentException: Provided Metadata instance has version 2.3.0, while maximum supported version is 2.2.0. To support newer versions, update the kotlin-metadata-jvm library.
2026-05-27T01:03:56.7674217+05:30 Info: Class kotlin.io.path.PathsKt__PathRecursiveFunctionsKt has malformed kotlin.Metadata: java.lang.IllegalArgumentException: Provided Metadata instance has version 2.3.0, while maximum supported version is 2.2.0. To support newer versions, update the kotlin-metadata-jvm library.
2026-05-27T01:03:56.7689294+05:30 Info: Class kotlin.coroutines.ContinuationInterceptor$DefaultImpls has malformed kotlin.Metadata: java.lang.IllegalArgumentException: Provided Metadata instance has version 2.3.0, while maximum supported version is 2.2.0. To support newer versions, update the kotlin-metadata-jvm library.
2026-05-27T01:03:56.7714448+05:30 Info: Class kotlin.text._OneToManyTitlecaseMappingsKt has malformed kotlin.Metadata: java.lang.IllegalArgumentException: Provided Metadata instance has version 2.3.0, while maximum supported version is 2.2.0. To support newer versions, update the kotlin-metadata-jvm library.
2026-05-27T01:03:56.7724369+05:30 Info: Class kotlin.ranges.ClosedFloatRange has malformed kotlin.Metadata: java.lang.IllegalArgumentException: Provided Metadata instance has version 2.3.0, while maximum supported version is 2.2.0. To support newer versions, update the kotlin-metadata-jvm library.
2026-05-27T01:03:56.7749501+05:30 Info: Class kotlin.reflect.TypeVariableImpl has malformed kotlin.Metadata: java.lang.IllegalArgumentException: Provided Metadata instance has version 2.3.0, while maximum supported version is 2.2.0. To support newer versions, update the kotlin-metadata-jvm library.
2026-05-27T01:03:56.7769432+05:30 Info: Class kotlin.collections.MapWithDefaultImpl has malformed kotlin.Metadata: java.lang.IllegalArgumentException: Provided Metadata instance has version 2.3.0, while maximum supported version is 2.2.0. To support newer versions, update the kotlin-metadata-jvm library.
2026-05-27T01:03:56.7819675+05:30 Info: Class kotlin.io.FilesKt__FileReadWriteKt has malformed kotlin.Metadata: java.lang.IllegalArgumentException: Provided Metadata instance has version 2.3.0, while maximum supported version is 2.2.0. To support newer versions, update the kotlin-metadata-jvm library.
2026-05-27T01:03:56.7839587+05:30 Info: Class kotlin.LateinitKt has malformed kotlin.Metadata: java.lang.IllegalArgumentException: Provided Metadata instance has version 2.3.0, while maximum supported version is 2.2.0. To support newer versions, update the kotlin-metadata-jvm library.
2026-05-27T01:03:56.7854726+05:30 Info: Class kotlin.random.XorWowRandom has malformed kotlin.Metadata: java.lang.IllegalArgumentException: Provided Metadata instance has version 2.3.0, while maximum supported version is 2.2.0. To support newer versions, update the kotlin-metadata-jvm library.
2026-05-27T01:03:56.7864663+05:30 Info: Class kotlin.sequences.SequencesKt___SequencesKt$flatMapIndexed$1 has malformed kotlin.Metadata: java.lang.IllegalArgumentException: Provided Metadata instance has version 2.3.0, while maximum supported version is 2.2.0. To support newer versions, update the kotlin-metadata-jvm library.
2026-05-27T01:03:56.7874651+05:30 Info: Class kotlin.jvm.internal.BooleanCompanionObject has malformed kotlin.Metadata: java.lang.IllegalArgumentException: Provided Metadata instance has version 2.3.0, while maximum supported version is 2.2.0. To support newer versions, update the kotlin-metadata-jvm library.
2026-05-27T01:03:56.7889810+05:30 Info: Class kotlin.UIntArrayKt has malformed kotlin.Metadata: java.lang.IllegalArgumentException: Provided Metadata instance has version 2.3.0, while maximum supported version is 2.2.0. To support newer versions, update the kotlin-metadata-jvm library.
2026-05-27T01:03:56.8441819+05:30 Info: Class kotlin.text.UHexExtensionsKt has malformed kotlin.Metadata: java.lang.IllegalArgumentException: Provided Metadata instance has version 2.3.0, while maximum supported version is 2.2.0. To support newer versions, update the kotlin-metadata-jvm library.
2026-05-27T01:03:56.8476898+05:30 Info: Class kotlin.jvm.PurelyImplements has malformed kotlin.Metadata: java.lang.IllegalArgumentException: Provided Metadata instance has version 2.3.0, while maximum supported version is 2.2.0. To support newer versions, update the kotlin-metadata-jvm library.
2026-05-27T01:03:56.8502132+05:30 Info: Class kotlin.sequences.ConstrainedOnceSequence has malformed kotlin.Metadata: java.lang.IllegalArgumentException: Provided Metadata instance has version 2.3.0, while maximum supported version is 2.2.0. To support newer versions, update the kotlin-metadata-jvm library.
2026-05-27T01:03:56.8521986+05:30 Info: Class kotlin.sequences.SequencesKt___SequencesKt has malformed kotlin.Metadata: java.lang.IllegalArgumentException: Provided Metadata instance has version 2.3.0, while maximum supported version is 2.2.0. To support newer versions, update the kotlin-metadata-jvm library.
2026-05-27T01:03:56.8537144+05:30 Info: Class kotlin.text.Regex$special$$inlined$fromInt$1 has malformed kotlin.Metadata: java.lang.IllegalArgumentException: Provided Metadata instance has version 2.3.0, while maximum supported version is 2.2.0. To support newer versions, update the kotlin-metadata-jvm library.
2026-05-27T01:03:56.8547057+05:30 Info: Class kotlin.jvm.internal.LongCompanionObject has malformed kotlin.Metadata: java.lang.IllegalArgumentException: Provided Metadata instance has version 2.3.0, while maximum supported version is 2.2.0. To support newer versions, update the kotlin-metadata-jvm library.
2026-05-27T01:03:56.8557053+05:30 Info: Class kotlin.enums.EnumEntriesJVMKt has malformed kotlin.Metadata: java.lang.IllegalArgumentException: Provided Metadata instance has version 2.3.0, while maximum supported version is 2.2.0. To support newer versions, update the kotlin-metadata-jvm library.
2026-05-27T01:03:56.8572174+05:30 Info: Class kotlin.collections.AbstractList has malformed kotlin.Metadata: java.lang.IllegalArgumentException: Provided Metadata instance has version 2.3.0, while maximum supported version is 2.2.0. To support newer versions, update the kotlin-metadata-jvm library.
2026-05-27T01:03:56.8582120+05:30 Info: Class kotlin.sequences.MergingSequence$iterator$1 has malformed kotlin.Metadata: java.lang.IllegalArgumentException: Provided Metadata instance has version 2.3.0, while maximum supported version is 2.2.0. To support newer versions, update the kotlin-metadata-jvm library.
2026-05-27T01:03:56.8592114+05:30 Info: Class kotlin.OptIn has malformed kotlin.Metadata: java.lang.IllegalArgumentException: Provided Metadata instance has version 2.3.0, while maximum supported version is 2.2.0. To support newer versions, update the kotlin-metadata-jvm library.
2026-05-27T01:03:56.8607251+05:30 Info: Class kotlin.internal.RequireKotlinVersionKind has malformed kotlin.Metadata: java.lang.IllegalArgumentException: Provided Metadata instance has version 2.3.0, while maximum supported version is 2.2.0. To support newer versions, update the kotlin-metadata-jvm library.
2026-05-27T01:03:56.8627202+05:30 Info: Class kotlin.collections.ArraysKt___ArraysJvmKt$asList$1 has malformed kotlin.Metadata: java.lang.IllegalArgumentException: Provided Metadata instance has version 2.3.0, while maximum supported version is 2.2.0. To support newer versions, update the kotlin-metadata-jvm library.
2026-05-27T01:03:56.8662254+05:30 Info: Class kotlin.io.path.PathTreeWalk$bfsIterator$1 has malformed kotlin.Metadata: java.lang.IllegalArgumentException: Provided Metadata instance has version 2.3.0, while maximum supported version is 2.2.0. To support newer versions, update the kotlin-metadata-jvm library.
2026-05-27T01:03:56.8687359+05:30 Info: Class kotlin.PreconditionsKt has malformed kotlin.Metadata: java.lang.IllegalArgumentException: Provided Metadata instance has version 2.3.0, while maximum supported version is 2.2.0. To support newer versions, update the kotlin-metadata-jvm library.
2026-05-27T01:03:56.8707353+05:30 Info: Class kotlin.coroutines.CombinedContext has malformed kotlin.Metadata: java.lang.IllegalArgumentException: Provided Metadata instance has version 2.3.0, while maximum supported version is 2.2.0. To support newer versions, update the kotlin-metadata-jvm library.
2026-05-27T01:03:56.8722437+05:30 Info: Class kotlin.io.path.PathNode has malformed kotlin.Metadata: java.lang.IllegalArgumentException: Provided Metadata instance has version 2.3.0, while maximum supported version is 2.2.0. To support newer versions, update the kotlin-metadata-jvm library.
2026-05-27T01:03:56.8732441+05:30 Info: Class kotlin.text.MatchResult$Destructured has malformed kotlin.Metadata: java.lang.IllegalArgumentException: Provided Metadata instance has version 2.3.0, while maximum supported version is 2.2.0. To support newer versions, update the kotlin-metadata-jvm library.
2026-05-27T01:03:56.8752419+05:30 Info: Class kotlin.collections.ArrayAsCollection has malformed kotlin.Metadata: java.lang.IllegalArgumentException: Provided Metadata instance has version 2.3.0, while maximum supported version is 2.2.0. To support newer versions, update the kotlin-metadata-jvm library.
2026-05-27T01:03:56.8767583+05:30 Info: Class kotlin.internal.Exact has malformed kotlin.Metadata: java.lang.IllegalArgumentException: Provided Metadata instance has version 2.3.0, while maximum supported version is 2.2.0. To support newer versions, update the kotlin-metadata-jvm library.
2026-05-27T01:03:56.8777505+05:30 Info: Class kotlin.reflect.KFunction has malformed kotlin.Metadata: java.lang.IllegalArgumentException: Provided Metadata instance has version 2.3.0, while maximum supported version is 2.2.0. To support newer versions, update the kotlin-metadata-jvm library.
2026-05-27T01:03:56.9382938+05:30 Info: Class kotlin.io.LinesSequence$iterator$1 has malformed kotlin.Metadata: java.lang.IllegalArgumentException: Provided Metadata instance has version 2.3.0, while maximum supported version is 2.2.0. To support newer versions, update the kotlin-metadata-jvm library.
2026-05-27T01:03:56.9398025+05:30 Info: Class kotlin.time.TimeSource has malformed kotlin.Metadata: java.lang.IllegalArgumentException: Provided Metadata instance has version 2.3.0, while maximum supported version is 2.2.0. To support newer versions, update the kotlin-metadata-jvm library.
2026-05-27T01:03:56.9408011+05:30 Info: Class kotlin.reflect.TypeImpl has malformed kotlin.Metadata: java.lang.IllegalArgumentException: Provided Metadata instance has version 2.3.0, while maximum supported version is 2.2.0. To support newer versions, update the kotlin-metadata-jvm library.
2026-05-27T01:03:56.9418008+05:30 Info: Class kotlin.collections.EmptyMap has malformed kotlin.Metadata: java.lang.IllegalArgumentException: Provided Metadata instance has version 2.3.0, while maximum supported version is 2.2.0. To support newer versions, update the kotlin-metadata-jvm library.
2026-05-27T01:03:56.9437999+05:30 Info: Class kotlin.collections.ReversedList$listIterator$1 has malformed kotlin.Metadata: java.lang.IllegalArgumentException: Provided Metadata instance has version 2.3.0, while maximum supported version is 2.2.0. To support newer versions, update the kotlin-metadata-jvm library.
2026-05-27T01:03:56.9443150+05:30 Info: Class kotlin.SinceKotlin has malformed kotlin.Metadata: java.lang.IllegalArgumentException: Provided Metadata instance has version 2.3.0, while maximum supported version is 2.2.0. To support newer versions, update the kotlin-metadata-jvm library.
2026-05-27T01:03:56.9478254+05:30 Info: Class kotlin.DslMarker has malformed kotlin.Metadata: java.lang.IllegalArgumentException: Provided Metadata instance has version 2.3.0, while maximum supported version is 2.2.0. To support newer versions, update the kotlin-metadata-jvm library.
2026-05-27T01:03:56.9488174+05:30 Info: Class kotlin.collections.CollectionsKt___CollectionsJvmKt has malformed kotlin.Metadata: java.lang.IllegalArgumentException: Provided Metadata instance has version 2.3.0, while maximum supported version is 2.2.0. To support newer versions, update the kotlin-metadata-jvm library.
2026-05-27T01:03:56.9498169+05:30 Info: Class kotlin.jvm.internal.ArrayIteratorsKt has malformed kotlin.Metadata: java.lang.IllegalArgumentException: Provided Metadata instance has version 2.3.0, while maximum supported version is 2.2.0. To support newer versions, update the kotlin-metadata-jvm library.
2026-05-27T01:03:56.9513287+05:30 Info: Class kotlin.jvm.internal.KTypeBase has malformed kotlin.Metadata: java.lang.IllegalArgumentException: Provided Metadata instance has version 2.3.0, while maximum supported version is 2.2.0. To support newer versions, update the kotlin-metadata-jvm library.
2026-05-27T01:03:56.9523232+05:30 Info: Class kotlin.text.HexFormat has malformed kotlin.Metadata: java.lang.IllegalArgumentException: Provided Metadata instance has version 2.3.0, while maximum supported version is 2.2.0. To support newer versions, update the kotlin-metadata-jvm library.
2026-05-27T01:03:56.9533228+05:30 Info: Class kotlin.contracts.SimpleEffect has malformed kotlin.Metadata: java.lang.IllegalArgumentException: Provided Metadata instance has version 2.3.0, while maximum supported version is 2.2.0. To support newer versions, update the kotlin-metadata-jvm library.
2026-05-27T01:03:56.9553221+05:30 Info: Class kotlin.jvm.JvmPackageName has malformed kotlin.Metadata: java.lang.IllegalArgumentException: Provided Metadata instance has version 2.3.0, while maximum supported version is 2.2.0. To support newer versions, update the kotlin-metadata-jvm library.
2026-05-27T01:03:56.9568351+05:30 Info: Class kotlin.js.ExperimentalJsCollectionsApi has malformed kotlin.Metadata: java.lang.IllegalArgumentException: Provided Metadata instance has version 2.3.0, while maximum supported version is 2.2.0. To support newer versions, update the kotlin-metadata-jvm library.
2026-05-27T01:03:56.9578280+05:30 Info: Class kotlin.uuid.ExperimentalUuidApi has malformed kotlin.Metadata: java.lang.IllegalArgumentException: Provided Metadata instance has version 2.3.0, while maximum supported version is 2.2.0. To support newer versions, update the kotlin-metadata-jvm library.
2026-05-27T01:03:56.9588273+05:30 Info: Class kotlin.text.DelimitedRangesSequence has malformed kotlin.Metadata: java.lang.IllegalArgumentException: Provided Metadata instance has version 2.3.0, while maximum supported version is 2.2.0. To support newer versions, update the kotlin-metadata-jvm library.
2026-05-27T01:03:56.9608260+05:30 Info: Class kotlin.jvm.internal.ArrayDoubleIterator has malformed kotlin.Metadata: java.lang.IllegalArgumentException: Provided Metadata instance has version 2.3.0, while maximum supported version is 2.2.0. To support newer versions, update the kotlin-metadata-jvm library.
2026-05-27T01:03:56.9618254+05:30 Info: Class kotlin.reflect.KMutableProperty$Setter has malformed kotlin.Metadata: java.lang.IllegalArgumentException: Provided Metadata instance has version 2.3.0, while maximum supported version is 2.2.0. To support newer versions, update the kotlin-metadata-jvm library.
2026-05-27T01:03:56.9643325+05:30 Info: Class kotlin.UByteKt has malformed kotlin.Metadata: java.lang.IllegalArgumentException: Provided Metadata instance has version 2.3.0, while maximum supported version is 2.2.0. To support newer versions, update the kotlin-metadata-jvm library.
2026-05-27T01:03:56.9663314+05:30 Info: Class kotlin.io.path.PathRelativizer has malformed kotlin.Metadata: java.lang.IllegalArgumentException: Provided Metadata instance has version 2.3.0, while maximum supported version is 2.2.0. To support newer versions, update the kotlin-metadata-jvm library.
2026-05-27T01:03:57.0555102+05:30 Info: Class kotlin.jvm.JvmDefaultWithCompatibility has malformed kotlin.Metadata: java.lang.IllegalArgumentException: Provided Metadata instance has version 2.3.0, while maximum supported version is 2.2.0. To support newer versions, update the kotlin-metadata-jvm library.
2026-05-27T01:03:57.0590166+05:30 Info: Class kotlin.sequences.TransformingSequence$iterator$1 has malformed kotlin.Metadata: java.lang.IllegalArgumentException: Provided Metadata instance has version 2.3.0, while maximum supported version is 2.2.0. To support newer versions, update the kotlin-metadata-jvm library.
2026-05-27T01:03:57.0605314+05:30 Info: Class kotlin.MustUseReturnValues has malformed kotlin.Metadata: java.lang.IllegalArgumentException: Provided Metadata instance has version 2.3.0, while maximum supported version is 2.2.0. To support newer versions, update the kotlin-metadata-jvm library.
2026-05-27T01:03:57.0615248+05:30 Info: Class kotlin.text.StringsKt has malformed kotlin.Metadata: java.lang.IllegalArgumentException: Provided Metadata instance has version 2.3.0, while maximum supported version is 2.2.0. To support newer versions, update the kotlin-metadata-jvm library.
2026-05-27T01:03:57.0650345+05:30 Info: Class kotlin.Result has malformed kotlin.Metadata: java.lang.IllegalArgumentException: Provided Metadata instance has version 2.3.0, while maximum supported version is 2.2.0. To support newer versions, update the kotlin-metadata-jvm library.
2026-05-27T01:03:57.0675472+05:30 Info: Class kotlin.collections.EmptyIterator has malformed kotlin.Metadata: java.lang.IllegalArgumentException: Provided Metadata instance has version 2.3.0, while maximum supported version is 2.2.0. To support newer versions, update the kotlin-metadata-jvm library.
2026-05-27T01:03:57.0710500+05:30 Info: Class kotlin.collections.ArraysKt___ArraysKt$asIterable$$inlined$Iterable$3 has malformed kotlin.Metadata: java.lang.IllegalArgumentException: Provided Metadata instance has version 2.3.0, while maximum supported version is 2.2.0. To support newer versions, update the kotlin-metadata-jvm library.
2026-05-27T01:03:57.0745560+05:30 Info: Class kotlin.collections.ByteIterator has malformed kotlin.Metadata: java.lang.IllegalArgumentException: Provided Metadata instance has version 2.3.0, while maximum supported version is 2.2.0. To support newer versions, update the kotlin-metadata-jvm library.
2026-05-27T01:03:57.0770699+05:30 Info: Class kotlin.jvm.internal.ArrayIntIterator has malformed kotlin.Metadata: java.lang.IllegalArgumentException: Provided Metadata instance has version 2.3.0, while maximum supported version is 2.2.0. To support newer versions, update the kotlin-metadata-jvm library.
2026-05-27T01:03:57.0805773+05:30 Info: Class kotlin.time.AbstractLongTimeSource has malformed kotlin.Metadata: java.lang.IllegalArgumentException: Provided Metadata instance has version 2.3.0, while maximum supported version is 2.2.0. To support newer versions, update the kotlin-metadata-jvm library.
2026-05-27T01:03:57.0885875+05:30 Info: Class kotlin.concurrent.atomics.AtomicArraysKt__AtomicArrays_commonKt has malformed kotlin.Metadata: java.lang.IllegalArgumentException: Provided Metadata instance has version 2.3.0, while maximum supported version is 2.2.0. To support newer versions, update the kotlin-metadata-jvm library.
2026-05-27T01:03:57.0905871+05:30 Info: Class kotlin.internal.IntrinsicConstEvaluation has malformed kotlin.Metadata: java.lang.IllegalArgumentException: Provided Metadata instance has version 2.3.0, while maximum supported version is 2.2.0. To support newer versions, update the kotlin-metadata-jvm library.
2026-05-27T01:03:57.0920949+05:30 Info: Class kotlin.contracts.HoldsIn has malformed kotlin.Metadata: java.lang.IllegalArgumentException: Provided Metadata instance has version 2.3.0, while maximum supported version is 2.2.0. To support newer versions, update the kotlin-metadata-jvm library.
2026-05-27T01:03:57.0940933+05:30 Info: Class kotlin.reflect.KClassifier has malformed kotlin.Metadata: java.lang.IllegalArgumentException: Provided Metadata instance has version 2.3.0, while maximum supported version is 2.2.0. To support newer versions, update the kotlin-metadata-jvm library.
2026-05-27T01:03:57.0975998+05:30 Info: Class kotlin.contracts.ExperimentalExtendedContracts has malformed kotlin.Metadata: java.lang.IllegalArgumentException: Provided Metadata instance has version 2.3.0, while maximum supported version is 2.2.0. To support newer versions, update the kotlin-metadata-jvm library.
2026-05-27T01:03:57.1011093+05:30 Info: Class kotlin.SafePublicationLazyImpl$Companion has malformed kotlin.Metadata: java.lang.IllegalArgumentException: Provided Metadata instance has version 2.3.0, while maximum supported version is 2.2.0. To support newer versions, update the kotlin-metadata-jvm library.
2026-05-27T01:03:57.1071403+05:30 Info: Class kotlin.time.UnboundLocalDateTime$Companion has malformed kotlin.Metadata: java.lang.IllegalArgumentException: Provided Metadata instance has version 2.3.0, while maximum supported version is 2.2.0. To support newer versions, update the kotlin-metadata-jvm library.
2026-05-27T01:03:57.1161541+05:30 Info: Class kotlin.collections.UCollectionsKt has malformed kotlin.Metadata: java.lang.IllegalArgumentException: Provided Metadata instance has version 2.3.0, while maximum supported version is 2.2.0. To support newer versions, update the kotlin-metadata-jvm library.
2026-05-27T01:03:57.1181516+05:30 Info: Class kotlin.KotlinNullPointerException has malformed kotlin.Metadata: java.lang.IllegalArgumentException: Provided Metadata instance has version 2.3.0, while maximum supported version is 2.2.0. To support newer versions, update the kotlin-metadata-jvm library.
2026-05-27T01:03:57.1191535+05:30 Info: Class kotlin.text.UStringsKt has malformed kotlin.Metadata: java.lang.IllegalArgumentException: Provided Metadata instance has version 2.3.0, while maximum supported version is 2.2.0. To support newer versions, update the kotlin-metadata-jvm library.
2026-05-27T01:03:57.1427646+05:30 Info: Class kotlin.LazyThreadSafetyMode has malformed kotlin.Metadata: java.lang.IllegalArgumentException: Provided Metadata instance has version 2.3.0, while maximum supported version is 2.2.0. To support newer versions, update the kotlin-metadata-jvm library.
2026-05-27T01:03:57.1437576+05:30 Info: Class kotlin.collections.ArraysKt___ArraysKt$asIterable$$inlined$Iterable$2 has malformed kotlin.Metadata: java.lang.IllegalArgumentException: Provided Metadata instance has version 2.3.0, while maximum supported version is 2.2.0. To support newer versions, update the kotlin-metadata-jvm library.
2026-05-27T01:03:57.1472948+05:30 Info: Class kotlin.UIntArray has malformed kotlin.Metadata: java.lang.IllegalArgumentException: Provided Metadata instance has version 2.3.0, while maximum supported version is 2.2.0. To support newer versions, update the kotlin-metadata-jvm library.
2026-05-27T01:03:57.2422747+05:30 Info: Class kotlin.text.MatcherMatchResult has malformed kotlin.Metadata: java.lang.IllegalArgumentException: Provided Metadata instance has version 2.3.0, while maximum supported version is 2.2.0. To support newer versions, update the kotlin-metadata-jvm library.
2026-05-27T01:03:57.2437912+05:30 Info: Class kotlin.collections.builders.ListBuilder$BuilderSubList$Itr has malformed kotlin.Metadata: java.lang.IllegalArgumentException: Provided Metadata instance has version 2.3.0, while maximum supported version is 2.2.0. To support newer versions, update the kotlin-metadata-jvm library.
2026-05-27T01:03:57.2447825+05:30 Info: Class kotlin.comparisons.ReverseOrderComparator has malformed kotlin.Metadata: java.lang.IllegalArgumentException: Provided Metadata instance has version 2.3.0, while maximum supported version is 2.2.0. To support newer versions, update the kotlin-metadata-jvm library.
2026-05-27T01:03:57.2482909+05:30 Info: Class kotlin.collections.ArraysKt__ArraysJVMKt has malformed kotlin.Metadata: java.lang.IllegalArgumentException: Provided Metadata instance has version 2.3.0, while maximum supported version is 2.2.0. To support newer versions, update the kotlin-metadata-jvm library.
2026-05-27T01:03:57.2501910+05:30 Info: Class kotlin.contracts.Effect has malformed kotlin.Metadata: java.lang.IllegalArgumentException: Provided Metadata instance has version 2.3.0, while maximum supported version is 2.2.0. To support newer versions, update the kotlin-metadata-jvm library.
2026-05-27T01:03:57.2507042+05:30 Info: Class kotlin.text.StringsKt___StringsJvmKt has malformed kotlin.Metadata: java.lang.IllegalArgumentException: Provided Metadata instance has version 2.3.0, while maximum supported version is 2.2.0. To support newer versions, update the kotlin-metadata-jvm library.
2026-05-27T01:03:57.2516965+05:30 Info: Class kotlin.sequences.SequencesKt___SequencesKt$flatMap$1 has malformed kotlin.Metadata: java.lang.IllegalArgumentException: Provided Metadata instance has version 2.3.0, while maximum supported version is 2.2.0. To support newer versions, update the kotlin-metadata-jvm library.
2026-05-27T01:03:57.2536953+05:30 Info: Class kotlin.concurrent.ThreadsKt$thread$thread$1 has malformed kotlin.Metadata: java.lang.IllegalArgumentException: Provided Metadata instance has version 2.3.0, while maximum supported version is 2.2.0. To support newer versions, update the kotlin-metadata-jvm library.
2026-05-27T01:03:57.2552034+05:30 Info: Class kotlin.DeepRecursiveKt has malformed kotlin.Metadata: java.lang.IllegalArgumentException: Provided Metadata instance has version 2.3.0, while maximum supported version is 2.2.0. To support newer versions, update the kotlin-metadata-jvm library.
2026-05-27T01:03:57.2562026+05:30 Info: Class kotlin.UByteArrayKt has malformed kotlin.Metadata: java.lang.IllegalArgumentException: Provided Metadata instance has version 2.3.0, while maximum supported version is 2.2.0. To support newer versions, update the kotlin-metadata-jvm library.
2026-05-27T01:03:57.2587111+05:30 Info: Class kotlin.coroutines.intrinsics.IntrinsicsKt__IntrinsicsJvmKt$createSimpleCoroutineForSuspendFunction$2 has malformed kotlin.Metadata: java.lang.IllegalArgumentException: Provided Metadata instance has version 2.3.0, while maximum supported version is 2.2.0. To support newer versions, update the kotlin-metadata-jvm library.
2026-05-27T01:03:57.2607089+05:30 Info: Class kotlin.ExposedCopyVisibility has malformed kotlin.Metadata: java.lang.IllegalArgumentException: Provided Metadata instance has version 2.3.0, while maximum supported version is 2.2.0. To support newer versions, update the kotlin-metadata-jvm library.
2026-05-27T01:03:57.3542565+05:30 Info: Class kotlin.uuid.UuidV7Generator has malformed kotlin.Metadata: java.lang.IllegalArgumentException: Provided Metadata instance has version 2.3.0, while maximum supported version is 2.2.0. To support newer versions, update the kotlin-metadata-jvm library.
2026-05-27T01:03:57.3577678+05:30 Info: Class kotlin.time.MeasureTimeKt has malformed kotlin.Metadata: java.lang.IllegalArgumentException: Provided Metadata instance has version 2.3.0, while maximum supported version is 2.2.0. To support newer versions, update the kotlin-metadata-jvm library.
2026-05-27T01:03:57.3597609+05:30 Info: Class kotlin.collections.ArraysKt___ArraysKt$asIterable$$inlined$Iterable$1 has malformed kotlin.Metadata: java.lang.IllegalArgumentException: Provided Metadata instance has version 2.3.0, while maximum supported version is 2.2.0. To support newer versions, update the kotlin-metadata-jvm library.
2026-05-27T01:03:57.3612768+05:30 Info: Class kotlin.collections.CollectionsKt__CollectionsJVMKt has malformed kotlin.Metadata: java.lang.IllegalArgumentException: Provided Metadata instance has version 2.3.0, while maximum supported version is 2.2.0. To support newer versions, update the kotlin-metadata-jvm library.
2026-05-27T01:03:57.3658060+05:30 Info: Class kotlin.text.StringsKt__RegexExtensionsKt has malformed kotlin.Metadata: java.lang.IllegalArgumentException: Provided Metadata instance has version 2.3.0, while maximum supported version is 2.2.0. To support newer versions, update the kotlin-metadata-jvm library.
2026-05-27T01:03:57.3683312+05:30 Info: Class kotlin.collections.unsigned.UArraysKt___UArraysJvmKt has malformed kotlin.Metadata: java.lang.IllegalArgumentException: Provided Metadata instance has version 2.3.0, while maximum supported version is 2.2.0. To support newer versions, update the kotlin-metadata-jvm library.
2026-05-27T01:03:57.3703153+05:30 Info: Class kotlin.jvm.internal.TypeReference$WhenMappings has malformed kotlin.Metadata: java.lang.IllegalArgumentException: Provided Metadata instance has version 2.3.0, while maximum supported version is 2.2.0. To support newer versions, update the kotlin-metadata-jvm library.
2026-05-27T01:03:57.3718325+05:30 Info: Class kotlin.ULongArrayKt has malformed kotlin.Metadata: java.lang.IllegalArgumentException: Provided Metadata instance has version 2.3.0, while maximum supported version is 2.2.0. To support newer versions, update the kotlin-metadata-jvm library.
2026-05-27T01:03:57.3728207+05:30 Info: Class kotlin.collections.MapsKt___MapsKt has malformed kotlin.Metadata: java.lang.IllegalArgumentException: Provided Metadata instance has version 2.3.0, while maximum supported version is 2.2.0. To support newer versions, update the kotlin-metadata-jvm library.
2026-05-27T01:03:57.3738203+05:30 Info: Class kotlin.internal.PlatformImplementations$ReflectThrowable has malformed kotlin.Metadata: java.lang.IllegalArgumentException: Provided Metadata instance has version 2.3.0, while maximum supported version is 2.2.0. To support newer versions, update the kotlin-metadata-jvm library.
2026-05-27T01:03:57.3758900+05:30 Info: Class kotlin.jvm.internal.ByteCompanionObject has malformed kotlin.Metadata: java.lang.IllegalArgumentException: Provided Metadata instance has version 2.3.0, while maximum supported version is 2.2.0. To support newer versions, update the kotlin-metadata-jvm library.
2026-05-27T01:03:57.3771724+05:30 Info: Class kotlin.random.PlatformRandomKt has malformed kotlin.Metadata: java.lang.IllegalArgumentException: Provided Metadata instance has version 2.3.0, while maximum supported version is 2.2.0. To support newer versions, update the kotlin-metadata-jvm library.
2026-05-27T01:03:57.3781639+05:30 Info: Class kotlin.collections.CollectionsKt__IterablesKt has malformed kotlin.Metadata: java.lang.IllegalArgumentException: Provided Metadata instance has version 2.3.0, while maximum supported version is 2.2.0. To support newer versions, update the kotlin-metadata-jvm library.
2026-05-27T01:03:57.3816722+05:30 Info: Class com.google.maps.android.utils.meta.AttributionId has malformed kotlin.Metadata: java.lang.IllegalArgumentException: Provided Metadata instance has version 2.3.0, while maximum supported version is 2.2.0. To support newer versions, update the kotlin-metadata-jvm library.
2026-05-27T01:03:57.3826714+05:30 Info: Class kotlin.ContextFunctionTypeParams has malformed kotlin.Metadata: java.lang.IllegalArgumentException: Provided Metadata instance has version 2.3.0, while maximum supported version is 2.2.0. To support newer versions, update the kotlin-metadata-jvm library.
2026-05-27T01:03:57.3846708+05:30 Info: Class kotlin.time.Instant$Companion has malformed kotlin.Metadata: java.lang.IllegalArgumentException: Provided Metadata instance has version 2.3.0, while maximum supported version is 2.2.0. To support newer versions, update the kotlin-metadata-jvm library.
2026-05-27T01:03:57.3859115+05:30 Info: Class kotlin.collections.builders.AbstractMapBuilderEntrySet has malformed kotlin.Metadata: java.lang.IllegalArgumentException: Provided Metadata instance has version 2.3.0, while maximum supported version is 2.2.0. To support newer versions, update the kotlin-metadata-jvm library.
2026-05-27T01:03:57.3869033+05:30 Info: Class kotlin.Suppress has malformed kotlin.Metadata: java.lang.IllegalArgumentException: Provided Metadata instance has version 2.3.0, while maximum supported version is 2.2.0. To support newer versions, update the kotlin-metadata-jvm library.
2026-05-27T01:03:57.3894199+05:30 Info: Class kotlin.ConsistentCopyVisibility has malformed kotlin.Metadata: java.lang.IllegalArgumentException: Provided Metadata instance has version 2.3.0, while maximum supported version is 2.2.0. To support newer versions, update the kotlin-metadata-jvm library.
2026-05-27T01:03:57.3904138+05:30 Info: Class kotlin.jvm.internal.EnumCompanionObject has malformed kotlin.Metadata: java.lang.IllegalArgumentException: Provided Metadata instance has version 2.3.0, while maximum supported version is 2.2.0. To support newer versions, update the kotlin-metadata-jvm library.
2026-05-27T01:03:57.3914125+05:30 Info: Class kotlin.uuid.UuidKt__UuidKt has malformed kotlin.Metadata: java.lang.IllegalArgumentException: Provided Metadata instance has version 2.3.0, while maximum supported version is 2.2.0. To support newer versions, update the kotlin-metadata-jvm library.
2026-05-27T01:03:57.3934111+05:30 Info: Class kotlin.system.ProcessKt has malformed kotlin.Metadata: java.lang.IllegalArgumentException: Provided Metadata instance has version 2.3.0, while maximum supported version is 2.2.0. To support newer versions, update the kotlin-metadata-jvm library.
2026-05-27T01:03:57.3946778+05:30 Info: Class kotlin.sequences.SequencesKt__SequencesKt$sequenceOf$$inlined$Sequence$1 has malformed kotlin.Metadata: java.lang.IllegalArgumentException: Provided Metadata instance has version 2.3.0, while maximum supported version is 2.2.0. To support newer versions, update the kotlin-metadata-jvm library.
2026-05-27T01:03:57.3976904+05:30 Info: Class kotlin.reflect.KProperty2$Getter has malformed kotlin.Metadata: java.lang.IllegalArgumentException: Provided Metadata instance has version 2.3.0, while maximum supported version is 2.2.0. To support newer versions, update the kotlin-metadata-jvm library.
2026-05-27T01:03:57.3991984+05:30 Info: Class kotlin.internal.PlatformDependent has malformed kotlin.Metadata: java.lang.IllegalArgumentException: Provided Metadata instance has version 2.3.0, while maximum supported version is 2.2.0. To support newer versions, update the kotlin-metadata-jvm library.
2026-05-27T01:03:57.4412612+05:30 Info: Class com.google.maps.android.ResponseStreetView has malformed kotlin.Metadata: java.lang.IllegalArgumentException: Provided Metadata instance has version 2.3.0, while maximum supported version is 2.2.0. To support newer versions, update the kotlin-metadata-jvm library.
2026-05-27T01:03:57.4427693+05:30 Info: Class kotlin.UnsafeVariance has malformed kotlin.Metadata: java.lang.IllegalArgumentException: Provided Metadata instance has version 2.3.0, while maximum supported version is 2.2.0. To support newer versions, update the kotlin-metadata-jvm library.
2026-05-27T01:03:57.4437692+05:30 Info: Class kotlin.collections.AbstractMap has malformed kotlin.Metadata: java.lang.IllegalArgumentException: Provided Metadata instance has version 2.3.0, while maximum supported version is 2.2.0. To support newer versions, update the kotlin-metadata-jvm library.
2026-05-27T01:03:57.4452843+05:30 Info: Class kotlin.time.DurationUnitKt__DurationUnitKt has malformed kotlin.Metadata: java.lang.IllegalArgumentException: Provided Metadata instance has version 2.3.0, while maximum supported version is 2.2.0. To support newer versions, update the kotlin-metadata-jvm library.
2026-05-27T01:03:57.4497856+05:30 Info: Class kotlin.reflect.KVariance has malformed kotlin.Metadata: java.lang.IllegalArgumentException: Provided Metadata instance has version 2.3.0, while maximum supported version is 2.2.0. To support newer versions, update the kotlin-metadata-jvm library.
2026-05-27T01:03:57.4517850+05:30 Info: Class kotlin.sequences.SequencesKt__SequencesKt$Sequence$1 has malformed kotlin.Metadata: java.lang.IllegalArgumentException: Provided Metadata instance has version 2.3.0, while maximum supported version is 2.2.0. To support newer versions, update the kotlin-metadata-jvm library.
2026-05-27T01:03:57.4523001+05:30 Info: Class kotlin.streams.jdk8.StreamsKt has malformed kotlin.Metadata: java.lang.IllegalArgumentException: Provided Metadata instance has version 2.3.0, while maximum supported version is 2.2.0. To support newer versions, update the kotlin-metadata-jvm library.
2026-05-27T01:03:57.4542926+05:30 Info: Class kotlin.Pair has malformed kotlin.Metadata: java.lang.IllegalArgumentException: Provided Metadata instance has version 2.3.0, while maximum supported version is 2.2.0. To support newer versions, update the kotlin-metadata-jvm library.
2026-05-27T01:03:57.4558150+05:30 Info: Class kotlin.sequences.FlatteningSequence$iterator$1 has malformed kotlin.Metadata: java.lang.IllegalArgumentException: Provided Metadata instance has version 2.3.0, while maximum supported version is 2.2.0. To support newer versions, update the kotlin-metadata-jvm library.
2026-05-27T01:03:57.4567991+05:30 Info: Class kotlin.io.path.FileVisitorBuilderImpl has malformed kotlin.Metadata: java.lang.IllegalArgumentException: Provided Metadata instance has version 2.3.0, while maximum supported version is 2.2.0. To support newer versions, update the kotlin-metadata-jvm library.
2026-05-27T01:03:57.4587982+05:30 Info: Class kotlin.UByte$Companion has malformed kotlin.Metadata: java.lang.IllegalArgumentException: Provided Metadata instance has version 2.3.0, while maximum supported version is 2.2.0. To support newer versions, update the kotlin-metadata-jvm library.
2026-05-27T01:03:57.4603062+05:30 Info: Class kotlin.ExperimentalSubclassOptIn has malformed kotlin.Metadata: java.lang.IllegalArgumentException: Provided Metadata instance has version 2.3.0, while maximum supported version is 2.2.0. To support newer versions, update the kotlin-metadata-jvm library.
2026-05-27T01:03:57.5552058+05:30 Info: Class kotlin.text.StringsKt__StringsKt$lineSequence$$inlined$Sequence$1 has malformed kotlin.Metadata: java.lang.IllegalArgumentException: Provided Metadata instance has version 2.3.0, while maximum supported version is 2.2.0. To support newer versions, update the kotlin-metadata-jvm library.
2026-05-27T01:03:57.5571983+05:30 Info: Class kotlin.io.TextStreamsKt has malformed kotlin.Metadata: java.lang.IllegalArgumentException: Provided Metadata instance has version 2.3.0, while maximum supported version is 2.2.0. To support newer versions, update the kotlin-metadata-jvm library.
2026-05-27T01:03:57.5587128+05:30 Info: Class kotlin.time.AbstractLongTimeSource$LongTimeMark has malformed kotlin.Metadata: java.lang.IllegalArgumentException: Provided Metadata instance has version 2.3.0, while maximum supported version is 2.2.0. To support newer versions, update the kotlin-metadata-jvm library.
2026-05-27T01:03:57.5607043+05:30 Info: Class kotlin.UShortArray$Iterator has malformed kotlin.Metadata: java.lang.IllegalArgumentException: Provided Metadata instance has version 2.3.0, while maximum supported version is 2.2.0. To support newer versions, update the kotlin-metadata-jvm library.
2026-05-27T01:03:57.5622193+05:30 Info: Class kotlin.text.StringsKt__StringNumberConversionsJVMKt has malformed kotlin.Metadata: java.lang.IllegalArgumentException: Provided Metadata instance has version 2.3.0, while maximum supported version is 2.2.0. To support newer versions, update the kotlin-metadata-jvm library.
2026-05-27T01:03:57.5692386+05:30 Info: Class kotlin.jvm.functions.FunctionN has malformed kotlin.Metadata: java.lang.IllegalArgumentException: Provided Metadata instance has version 2.3.0, while maximum supported version is 2.2.0. To support newer versions, update the kotlin-metadata-jvm library.
2026-05-27T01:03:57.5722262+05:30 Info: Class kotlin.ReplaceWith has malformed kotlin.Metadata: java.lang.IllegalArgumentException: Provided Metadata instance has version 2.3.0, while maximum supported version is 2.2.0. To support newer versions, update the kotlin-metadata-jvm library.
2026-05-27T01:03:57.5737331+05:30 Info: Class kotlin.ContextParametersKt__ContextKt has malformed kotlin.Metadata: java.lang.IllegalArgumentException: Provided Metadata instance has version 2.3.0, while maximum supported version is 2.2.0. To support newer versions, update the kotlin-metadata-jvm library.
2026-05-27T01:03:57.6444466+05:30 Info: Class kotlin.concurrent.atomics.ExperimentalAtomicApi has malformed kotlin.Metadata: java.lang.IllegalArgumentException: Provided Metadata instance has version 2.3.0, while maximum supported version is 2.2.0. To support newer versions, update the kotlin-metadata-jvm library.
2026-05-27T01:03:57.6479531+05:30 Info: Class kotlin.io.path.PathsKt__PathRecursiveFunctionsKt$copyToRecursively$5$3 has malformed kotlin.Metadata: java.lang.IllegalArgumentException: Provided Metadata instance has version 2.3.0, while maximum supported version is 2.2.0. To support newer versions, update the kotlin-metadata-jvm library.
2026-05-27T01:03:57.6494941+05:30 Info: Class kotlin.sequences.SequencesKt___SequencesKt$runningFoldIndexed$1 has malformed kotlin.Metadata: java.lang.IllegalArgumentException: Provided Metadata instance has version 2.3.0, while maximum supported version is 2.2.0. To support newer versions, update the kotlin-metadata-jvm library.
2026-05-27T01:03:57.6529989+05:30 Info: Class com.google.maps.android.PolyUtil has malformed kotlin.Metadata: java.lang.IllegalArgumentException: Provided Metadata instance has version 2.3.0, while maximum supported version is 2.2.0. To support newer versions, update the kotlin-metadata-jvm library.
2026-05-27T01:03:57.6549909+05:30 Info: Class kotlin.coroutines.CoroutineContext$DefaultImpls has malformed kotlin.Metadata: java.lang.IllegalArgumentException: Provided Metadata instance has version 2.3.0, while maximum supported version is 2.2.0. To support newer versions, update the kotlin-metadata-jvm library.
2026-05-27T01:03:57.6559897+05:30 Info: Class kotlin.sequences.Sequence has malformed kotlin.Metadata: java.lang.IllegalArgumentException: Provided Metadata instance has version 2.3.0, while maximum supported version is 2.2.0. To support newer versions, update the kotlin-metadata-jvm library.
2026-05-27T01:03:57.6575264+05:30 Info: Class kotlin.collections.jdk8.CollectionsJDK8Kt has malformed kotlin.Metadata: java.lang.IllegalArgumentException: Provided Metadata instance has version 2.3.0, while maximum supported version is 2.2.0. To support newer versions, update the kotlin-metadata-jvm library.
2026-05-27T01:03:57.6585185+05:30 Info: Class kotlin.NumbersKt__NumbersKt has malformed kotlin.Metadata: java.lang.IllegalArgumentException: Provided Metadata instance has version 2.3.0, while maximum supported version is 2.2.0. To support newer versions, update the kotlin-metadata-jvm library.
2026-05-27T01:03:57.7379293+05:30 Info: Class kotlin.jvm.internal.markers.KMutableIterator has malformed kotlin.Metadata: java.lang.IllegalArgumentException: Provided Metadata instance has version 2.3.0, while maximum supported version is 2.2.0. To support newer versions, update the kotlin-metadata-jvm library.
2026-05-27T01:03:57.7394456+05:30 Info: Class kotlin.properties.Delegates has malformed kotlin.Metadata: java.lang.IllegalArgumentException: Provided Metadata instance has version 2.3.0, while maximum supported version is 2.2.0. To support newer versions, update the kotlin-metadata-jvm library.
2026-05-27T01:03:57.7404364+05:30 Info: Class kotlin.LazyKt has malformed kotlin.Metadata: java.lang.IllegalArgumentException: Provided Metadata instance has version 2.3.0, while maximum supported version is 2.2.0. To support newer versions, update the kotlin-metadata-jvm library.
2026-05-27T01:03:57.7414359+05:30 Info: Class kotlin.coroutines.ContinuationKt$Continuation$1 has malformed kotlin.Metadata: java.lang.IllegalArgumentException: Provided Metadata instance has version 2.3.0, while maximum supported version is 2.2.0. To support newer versions, update the kotlin-metadata-jvm library.
2026-05-27T01:03:57.7437137+05:30 Info: Class kotlin.SynchronizedLazyImpl has malformed kotlin.Metadata: java.lang.IllegalArgumentException: Provided Metadata instance has version 2.3.0, while maximum supported version is 2.2.0. To support newer versions, update the kotlin-metadata-jvm library.
2026-05-27T01:03:57.7482274+05:30 Info: Class kotlin.UInt$Companion has malformed kotlin.Metadata: java.lang.IllegalArgumentException: Provided Metadata instance has version 2.3.0, while maximum supported version is 2.2.0. To support newer versions, update the kotlin-metadata-jvm library.
2026-05-27T01:03:57.7502187+05:30 Info: Class kotlin.io.path.PathsKt__PathRecursiveFunctionsKt$copyToRecursively$5$2 has malformed kotlin.Metadata: java.lang.IllegalArgumentException: Provided Metadata instance has version 2.3.0, while maximum supported version is 2.2.0. To support newer versions, update the kotlin-metadata-jvm library.
2026-05-27T01:03:57.7517328+05:30 Info: Class kotlin.text.HexFormat$BytesHexFormat$Builder has malformed kotlin.Metadata: java.lang.IllegalArgumentException: Provided Metadata instance has version 2.3.0, while maximum supported version is 2.2.0. To support newer versions, update the kotlin-metadata-jvm library.
2026-05-27T01:03:57.7527258+05:30 Info: Class kotlin.collections.AbstractList$Companion has malformed kotlin.Metadata: java.lang.IllegalArgumentException: Provided Metadata instance has version 2.3.0, while maximum supported version is 2.2.0. To support newer versions, update the kotlin-metadata-jvm library.
2026-05-27T01:03:57.7537247+05:30 Info: Class kotlin.DeepRecursiveScope has malformed kotlin.Metadata: java.lang.IllegalArgumentException: Provided Metadata instance has version 2.3.0, while maximum supported version is 2.2.0. To support newer versions, update the kotlin-metadata-jvm library.
2026-05-27T01:03:57.7549680+05:30 Info: Class kotlin.Function has malformed kotlin.Metadata: java.lang.IllegalArgumentException: Provided Metadata instance has version 2.3.0, while maximum supported version is 2.2.0. To support newer versions, update the kotlin-metadata-jvm library.
2026-05-27T01:03:57.7569590+05:30 Info: Class kotlin.sequences.TransformingIndexedSequence$iterator$1 has malformed kotlin.Metadata: java.lang.IllegalArgumentException: Provided Metadata instance has version 2.3.0, while maximum supported version is 2.2.0. To support newer versions, update the kotlin-metadata-jvm library.
2026-05-27T01:03:57.7584814+05:30 Info: Class kotlin.text.MatcherMatchResult$groupValues$1 has malformed kotlin.Metadata: java.lang.IllegalArgumentException: Provided Metadata instance has version 2.3.0, while maximum supported version is 2.2.0. To support newer versions, update the kotlin-metadata-jvm library.
2026-05-27T01:03:57.7594669+05:30 Info: Class kotlin.io.encoding.StreamEncodingKt__Base64IOStreamKt has malformed kotlin.Metadata: java.lang.IllegalArgumentException: Provided Metadata instance has version 2.3.0, while maximum supported version is 2.2.0. To support newer versions, update the kotlin-metadata-jvm library.
2026-05-27T01:03:57.7604664+05:30 Info: Class kotlin.io.path.DefaultCopyActionContext has malformed kotlin.Metadata: java.lang.IllegalArgumentException: Provided Metadata instance has version 2.3.0, while maximum supported version is 2.2.0. To support newer versions, update the kotlin-metadata-jvm library.
2026-05-27T01:03:57.7619801+05:30 Info: Class kotlin.comparisons.NaturalOrderComparator has malformed kotlin.Metadata: java.lang.IllegalArgumentException: Provided Metadata instance has version 2.3.0, while maximum supported version is 2.2.0. To support newer versions, update the kotlin-metadata-jvm library.
2026-05-27T01:03:57.7654864+05:30 Info: Class kotlin.CharCodeJVMKt has malformed kotlin.Metadata: java.lang.IllegalArgumentException: Provided Metadata instance has version 2.3.0, while maximum supported version is 2.2.0. To support newer versions, update the kotlin-metadata-jvm library.
2026-05-27T01:03:57.7664779+05:30 Info: Class kotlin.time.DurationUnit has malformed kotlin.Metadata: java.lang.IllegalArgumentException: Provided Metadata instance has version 2.3.0, while maximum supported version is 2.2.0. To support newer versions, update the kotlin-metadata-jvm library.
2026-05-27T01:03:57.7674776+05:30 Info: Class kotlin.ULong$Companion has malformed kotlin.Metadata: java.lang.IllegalArgumentException: Provided Metadata instance has version 2.3.0, while maximum supported version is 2.2.0. To support newer versions, update the kotlin-metadata-jvm library.
2026-05-27T01:03:57.7689921+05:30 Info: Class kotlin.time.AbstractDoubleTimeSource has malformed kotlin.Metadata: java.lang.IllegalArgumentException: Provided Metadata instance has version 2.3.0, while maximum supported version is 2.2.0. To support newer versions, update the kotlin-metadata-jvm library.
2026-05-27T01:03:57.7699853+05:30 Info: Class kotlin.comparisons.ComparisonsKt__ComparisonsKt$compareBy$2 has malformed kotlin.Metadata: java.lang.IllegalArgumentException: Provided Metadata instance has version 2.3.0, while maximum supported version is 2.2.0. To support newer versions, update the kotlin-metadata-jvm library.
2026-05-27T01:03:57.7709846+05:30 Info: Class kotlin.coroutines.jvm.internal.SuspendLambda has malformed kotlin.Metadata: java.lang.IllegalArgumentException: Provided Metadata instance has version 2.3.0, while maximum supported version is 2.2.0. To support newer versions, update the kotlin-metadata-jvm library.
2026-05-27T01:03:57.7724983+05:30 Info: Class kotlin.reflect.KParameter$Kind has malformed kotlin.Metadata: java.lang.IllegalArgumentException: Provided Metadata instance has version 2.3.0, while maximum supported version is 2.2.0. To support newer versions, update the kotlin-metadata-jvm library.
2026-05-27T01:03:57.7744907+05:30 Info: Class kotlin.uuid.SecureRandomHolder has malformed kotlin.Metadata: java.lang.IllegalArgumentException: Provided Metadata instance has version 2.3.0, while maximum supported version is 2.2.0. To support newer versions, update the kotlin-metadata-jvm library.
2026-05-27T01:03:57.7754898+05:30 Info: Class com.google.maps.android.heatmaps.Gradient has malformed kotlin.Metadata: java.lang.IllegalArgumentException: Provided Metadata instance has version 2.3.0, while maximum supported version is 2.2.0. To support newer versions, update the kotlin-metadata-jvm library.
2026-05-27T01:03:57.8492958+05:30 Info: Class com.google.maps.android.heatmaps.HeatmapTileProvider$Companion has malformed kotlin.Metadata: java.lang.IllegalArgumentException: Provided Metadata instance has version 2.3.0, while maximum supported version is 2.2.0. To support newer versions, update the kotlin-metadata-jvm library.
2026-05-27T01:03:57.8527987+05:30 Info: Class kotlin.sequences.TakeWhileSequence$iterator$1 has malformed kotlin.Metadata: java.lang.IllegalArgumentException: Provided Metadata instance has version 2.3.0, while maximum supported version is 2.2.0. To support newer versions, update the kotlin-metadata-jvm library.
2026-05-27T01:03:57.8537991+05:30 Info: Class kotlin.jvm.internal.CollectionToArray has malformed kotlin.Metadata: java.lang.IllegalArgumentException: Provided Metadata instance has version 2.3.0, while maximum supported version is 2.2.0. To support newer versions, update the kotlin-metadata-jvm library.
2026-05-27T01:03:57.8547979+05:30 Info: Class kotlin.reflect.KProperty0$Getter has malformed kotlin.Metadata: java.lang.IllegalArgumentException: Provided Metadata instance has version 2.3.0, while maximum supported version is 2.2.0. To support newer versions, update the kotlin-metadata-jvm library.
2026-05-27T01:03:57.8557972+05:30 Info: Class kotlin.coroutines.intrinsics.IntrinsicsKt__IntrinsicsJvmKt$createSimpleCoroutineForSuspendFunction$1 has malformed kotlin.Metadata: java.lang.IllegalArgumentException: Provided Metadata instance has version 2.3.0, while maximum supported version is 2.2.0. To support newer versions, update the kotlin-metadata-jvm library.
2026-05-27T01:03:57.8579677+05:30 Info: Class kotlin.time.DurationJvmKt has malformed kotlin.Metadata: java.lang.IllegalArgumentException: Provided Metadata instance has version 2.3.0, while maximum supported version is 2.2.0. To support newer versions, update the kotlin-metadata-jvm library.
2026-05-27T01:03:57.8589675+05:30 Info: Class kotlin.jvm.JvmOverloads has malformed kotlin.Metadata: java.lang.IllegalArgumentException: Provided Metadata instance has version 2.3.0, while maximum supported version is 2.2.0. To support newer versions, update the kotlin-metadata-jvm library.
2026-05-27T01:03:57.8589675+05:30 Info: Class kotlin.contracts.ExperimentalContracts has malformed kotlin.Metadata: java.lang.IllegalArgumentException: Provided Metadata instance has version 2.3.0, while maximum supported version is 2.2.0. To support newer versions, update the kotlin-metadata-jvm library.
2026-05-27T01:03:57.8603027+05:30 Info: Class kotlin.StandardKt__StandardKt has malformed kotlin.Metadata: java.lang.IllegalArgumentException: Provided Metadata instance has version 2.3.0, while maximum supported version is 2.2.0. To support newer versions, update the kotlin-metadata-jvm library.
2026-05-27T01:03:57.8622944+05:30 Info: Class kotlin.jvm.internal.BoxingConstructorMarker has malformed kotlin.Metadata: java.lang.IllegalArgumentException: Provided Metadata instance has version 2.3.0, while maximum supported version is 2.2.0. To support newer versions, update the kotlin-metadata-jvm library.
2026-05-27T01:03:57.8638125+05:30 Info: Class kotlin.experimental.BitwiseOperationsKt has malformed kotlin.Metadata: java.lang.IllegalArgumentException: Provided Metadata instance has version 2.3.0, while maximum supported version is 2.2.0. To support newer versions, update the kotlin-metadata-jvm library.
2026-05-27T01:03:57.8658017+05:30 Info: Class kotlin.internal.RequireKotlin$Container has malformed kotlin.Metadata: java.lang.IllegalArgumentException: Provided Metadata instance has version 2.3.0, while maximum supported version is 2.2.0. To support newer versions, update the kotlin-metadata-jvm library.
2026-05-27T01:03:57.8673354+05:30 Info: Class kotlin.text.SystemProperties has malformed kotlin.Metadata: java.lang.IllegalArgumentException: Provided Metadata instance has version 2.3.0, while maximum supported version is 2.2.0. To support newer versions, update the kotlin-metadata-jvm library.
2026-05-27T01:03:57.8693153+05:30 Info: Class kotlin.collections.AbstractList$ListIteratorImpl has malformed kotlin.Metadata: java.lang.IllegalArgumentException: Provided Metadata instance has version 2.3.0, while maximum supported version is 2.2.0. To support newer versions, update the kotlin-metadata-jvm library.
2026-05-27T01:03:57.8693153+05:30 Info: Class kotlin.UnsignedKt has malformed kotlin.Metadata: java.lang.IllegalArgumentException: Provided Metadata instance has version 2.3.0, while maximum supported version is 2.2.0. To support newer versions, update the kotlin-metadata-jvm library.
2026-05-27T01:03:57.8716553+05:30 Info: Class kotlin.concurrent.atomics.AtomicsKt__Atomics_jvmKt has malformed kotlin.Metadata: java.lang.IllegalArgumentException: Provided Metadata instance has version 2.3.0, while maximum supported version is 2.2.0. To support newer versions, update the kotlin-metadata-jvm library.
2026-05-27T01:03:57.8726547+05:30 Info: Class kotlin.concurrent.ThreadsKt has malformed kotlin.Metadata: java.lang.IllegalArgumentException: Provided Metadata instance has version 2.3.0, while maximum supported version is 2.2.0. To support newer versions, update the kotlin-metadata-jvm library.
2026-05-27T01:03:57.8741692+05:30 Info: Class kotlin.text.HexExtensionsKt has malformed kotlin.Metadata: java.lang.IllegalArgumentException: Provided Metadata instance has version 2.3.0, while maximum supported version is 2.2.0. To support newer versions, update the kotlin-metadata-jvm library.
2026-05-27T01:03:57.8751628+05:30 Info: Class kotlin.random.FallbackThreadLocalRandom has malformed kotlin.Metadata: java.lang.IllegalArgumentException: Provided Metadata instance has version 2.3.0, while maximum supported version is 2.2.0. To support newer versions, update the kotlin-metadata-jvm library.
2026-05-27T01:03:57.8771610+05:30 Info: Class kotlin.UShortArrayKt has malformed kotlin.Metadata: java.lang.IllegalArgumentException: Provided Metadata instance has version 2.3.0, while maximum supported version is 2.2.0. To support newer versions, update the kotlin-metadata-jvm library.
2026-05-27T01:03:57.8776735+05:30 Info: Class kotlin.collections.CharIterator has malformed kotlin.Metadata: java.lang.IllegalArgumentException: Provided Metadata instance has version 2.3.0, while maximum supported version is 2.2.0. To support newer versions, update the kotlin-metadata-jvm library.
2026-05-27T01:03:57.8831751+05:30 Info: Class kotlin.collections.AbstractMap$Companion has malformed kotlin.Metadata: java.lang.IllegalArgumentException: Provided Metadata instance has version 2.3.0, while maximum supported version is 2.2.0. To support newer versions, update the kotlin-metadata-jvm library.
2026-05-27T01:03:57.8846827+05:30 Info: Class kotlin.enums.EnumEntriesList has malformed kotlin.Metadata: java.lang.IllegalArgumentException: Provided Metadata instance has version 2.3.0, while maximum supported version is 2.2.0. To support newer versions, update the kotlin-metadata-jvm library.
2026-05-27T01:03:57.8856829+05:30 Info: Class kotlin.HashCodeKt has malformed kotlin.Metadata: java.lang.IllegalArgumentException: Provided Metadata instance has version 2.3.0, while maximum supported version is 2.2.0. To support newer versions, update the kotlin-metadata-jvm library.
2026-05-27T01:03:57.8871967+05:30 Info: Class kotlin.jvm.internal.StringCompanionObject has malformed kotlin.Metadata: java.lang.IllegalArgumentException: Provided Metadata instance has version 2.3.0, while maximum supported version is 2.2.0. To support newer versions, update the kotlin-metadata-jvm library.
2026-05-27T01:03:57.8881891+05:30 Info: Class kotlin.internal.InlineOnly has malformed kotlin.Metadata: java.lang.IllegalArgumentException: Provided Metadata instance has version 2.3.0, while maximum supported version is 2.2.0. To support newer versions, update the kotlin-metadata-jvm library.
2026-05-27T01:03:57.8891884+05:30 Info: Class kotlin.reflect.KTypeProjection has malformed kotlin.Metadata: java.lang.IllegalArgumentException: Provided Metadata instance has version 2.3.0, while maximum supported version is 2.2.0. To support newer versions, update the kotlin-metadata-jvm library.
2026-05-27T01:03:57.9398026+05:30 Info: Class kotlin.collections.builders.ListBuilder$Itr has malformed kotlin.Metadata: java.lang.IllegalArgumentException: Provided Metadata instance has version 2.3.0, while maximum supported version is 2.2.0. To support newer versions, update the kotlin-metadata-jvm library.
2026-05-27T01:03:57.9423110+05:30 Info: Class kotlin.contracts.ConditionalEffect has malformed kotlin.Metadata: java.lang.IllegalArgumentException: Provided Metadata instance has version 2.3.0, while maximum supported version is 2.2.0. To support newer versions, update the kotlin-metadata-jvm library.
2026-05-27T01:03:57.9433101+05:30 Info: Class kotlin.properties.PropertyDelegateProvider has malformed kotlin.Metadata: java.lang.IllegalArgumentException: Provided Metadata instance has version 2.3.0, while maximum supported version is 2.2.0. To support newer versions, update the kotlin-metadata-jvm library.
2026-05-27T01:03:57.9448266+05:30 Info: Class com.google.maps.android.utils.attribution.AttributionIdInitializer has malformed kotlin.Metadata: java.lang.IllegalArgumentException: Provided Metadata instance has version 2.3.0, while maximum supported version is 2.2.0. To support newer versions, update the kotlin-metadata-jvm library.
2026-05-27T01:03:57.9458180+05:30 Info: Class kotlin.io.path.PathTreeWalk has malformed kotlin.Metadata: java.lang.IllegalArgumentException: Provided Metadata instance has version 2.3.0, while maximum supported version is 2.2.0. To support newer versions, update the kotlin-metadata-jvm library.
2026-05-27T01:03:57.9518411+05:30 Info: Class kotlin.io.path.LinkFollowing has malformed kotlin.Metadata: java.lang.IllegalArgumentException: Provided Metadata instance has version 2.3.0, while maximum supported version is 2.2.0. To support newer versions, update the kotlin-metadata-jvm library.
2026-05-27T01:03:57.9538337+05:30 Info: Class kotlin.internal.jdk8.JDK8PlatformImplementations$ReflectSdkVersion has malformed kotlin.Metadata: java.lang.IllegalArgumentException: Provided Metadata instance has version 2.3.0, while maximum supported version is 2.2.0. To support newer versions, update the kotlin-metadata-jvm library.
2026-05-27T01:03:57.9548332+05:30 Info: Class kotlin.jvm.optionals.OptionalsKt has malformed kotlin.Metadata: java.lang.IllegalArgumentException: Provided Metadata instance has version 2.3.0, while maximum supported version is 2.2.0. To support newer versions, update the kotlin-metadata-jvm library.
2026-05-27T01:03:57.9563414+05:30 Info: Class com.google.maps.android.geometry.Bounds has malformed kotlin.Metadata: java.lang.IllegalArgumentException: Provided Metadata instance has version 2.3.0, while maximum supported version is 2.2.0. To support newer versions, update the kotlin-metadata-jvm library.
2026-05-27T01:03:57.9573404+05:30 Info: Class kotlin.io.encoding.DecodeInputStream has malformed kotlin.Metadata: java.lang.IllegalArgumentException: Provided Metadata instance has version 2.3.0, while maximum supported version is 2.2.0. To support newer versions, update the kotlin-metadata-jvm library.
2026-05-27T01:03:57.9588557+05:30 Info: Class kotlin.jvm.internal.LocalVariableReferencesKt has malformed kotlin.Metadata: java.lang.IllegalArgumentException: Provided Metadata instance has version 2.3.0, while maximum supported version is 2.2.0. To support newer versions, update the kotlin-metadata-jvm library.
2026-05-27T01:03:57.9598486+05:30 Info: Class kotlin.collections.State has malformed kotlin.Metadata: java.lang.IllegalArgumentException: Provided Metadata instance has version 2.3.0, while maximum supported version is 2.2.0. To support newer versions, update the kotlin-metadata-jvm library.
2026-05-27T01:03:57.9608475+05:30 Info: Class kotlin.text.LinesIterator has malformed kotlin.Metadata: java.lang.IllegalArgumentException: Provided Metadata instance has version 2.3.0, while maximum supported version is 2.2.0. To support newer versions, update the kotlin-metadata-jvm library.
2026-05-27T01:03:57.9623623+05:30 Info: Class kotlin.internal.PlatformImplementationsKt has malformed kotlin.Metadata: java.lang.IllegalArgumentException: Provided Metadata instance has version 2.3.0, while maximum supported version is 2.2.0. To support newer versions, update the kotlin-metadata-jvm library.
2026-05-27T01:03:57.9668654+05:30 Info: Class kotlin.js.ExperimentalJsStatic has malformed kotlin.Metadata: java.lang.IllegalArgumentException: Provided Metadata instance has version 2.3.0, while maximum supported version is 2.2.0. To support newer versions, update the kotlin-metadata-jvm library.
2026-05-27T01:03:57.9683799+05:30 Info: Class kotlin.sequences.SequencesKt___SequencesKt$zipWithNext$2 has malformed kotlin.Metadata: java.lang.IllegalArgumentException: Provided Metadata instance has version 2.3.0, while maximum supported version is 2.2.0. To support newer versions, update the kotlin-metadata-jvm library.
2026-05-27T01:03:57.9693711+05:30 Info: Class kotlin.sequences.SequencesKt__SequencesKt$flatMapIndexed$1 has malformed kotlin.Metadata: java.lang.IllegalArgumentException: Provided Metadata instance has version 2.3.0, while maximum supported version is 2.2.0. To support newer versions, update the kotlin-metadata-jvm library.
2026-05-27T01:03:57.9713702+05:30 Info: Class kotlin.collections.unsigned.UArraysKt has malformed kotlin.Metadata: java.lang.IllegalArgumentException: Provided Metadata instance has version 2.3.0, while maximum supported version is 2.2.0. To support newer versions, update the kotlin-metadata-jvm library.
2026-05-27T01:03:57.9728789+05:30 Info: Class kotlin.collections.IndexedValue has malformed kotlin.Metadata: java.lang.IllegalArgumentException: Provided Metadata instance has version 2.3.0, while maximum supported version is 2.2.0. To support newer versions, update the kotlin-metadata-jvm library.
2026-05-27T01:03:58.0393024+05:30 Info: Class kotlin.text.RegexKt has malformed kotlin.Metadata: java.lang.IllegalArgumentException: Provided Metadata instance has version 2.3.0, while maximum supported version is 2.2.0. To support newer versions, update the kotlin-metadata-jvm library.
2026-05-27T01:03:58.0413011+05:30 Info: Class kotlin.jvm.functions.Function19 has malformed kotlin.Metadata: java.lang.IllegalArgumentException: Provided Metadata instance has version 2.3.0, while maximum supported version is 2.2.0. To support newer versions, update the kotlin-metadata-jvm library.
2026-05-27T01:03:58.0418179+05:30 Info: Class kotlin.collections.builders.MapBuilderEntries has malformed kotlin.Metadata: java.lang.IllegalArgumentException: Provided Metadata instance has version 2.3.0, while maximum supported version is 2.2.0. To support newer versions, update the kotlin-metadata-jvm library.
2026-05-27T01:03:58.0453228+05:30 Info: Class kotlin.internal.SuppressBytecodeGeneration has malformed kotlin.Metadata: java.lang.IllegalArgumentException: Provided Metadata instance has version 2.3.0, while maximum supported version is 2.2.0. To support newer versions, update the kotlin-metadata-jvm library.
2026-05-27T01:03:58.0508216+05:30 Info: Class kotlin.collections.MapsKt__MapWithDefaultKt has malformed kotlin.Metadata: java.lang.IllegalArgumentException: Provided Metadata instance has version 2.3.0, while maximum supported version is 2.2.0. To support newer versions, update the kotlin-metadata-jvm library.
2026-05-27T01:03:58.0543282+05:30 Info: Class kotlin.ranges.CharProgression$Companion has malformed kotlin.Metadata: java.lang.IllegalArgumentException: Provided Metadata instance has version 2.3.0, while maximum supported version is 2.2.0. To support newer versions, update the kotlin-metadata-jvm library.
2026-05-27T01:03:58.0558409+05:30 Info: Class kotlin.comparisons.ComparisonsKt__ComparisonsKt$compareBy$3 has malformed kotlin.Metadata: java.lang.IllegalArgumentException: Provided Metadata instance has version 2.3.0, while maximum supported version is 2.2.0. To support newer versions, update the kotlin-metadata-jvm library.
2026-05-27T01:03:58.0578336+05:30 Info: Class kotlin.io.path.PathsKt__PathReadWriteKt has malformed kotlin.Metadata: java.lang.IllegalArgumentException: Provided Metadata instance has version 2.3.0, while maximum supported version is 2.2.0. To support newer versions, update the kotlin-metadata-jvm library.
2026-05-27T01:03:58.0593467+05:30 Info: Class kotlin.collections.builders.MapBuilder$Companion has malformed kotlin.Metadata: java.lang.IllegalArgumentException: Provided Metadata instance has version 2.3.0, while maximum supported version is 2.2.0. To support newer versions, update the kotlin-metadata-jvm library.
2026-05-27T01:03:58.0603397+05:30 Info: Class kotlin.reflect.KMutableProperty1$Setter has malformed kotlin.Metadata: java.lang.IllegalArgumentException: Provided Metadata instance has version 2.3.0, while maximum supported version is 2.2.0. To support newer versions, update the kotlin-metadata-jvm library.
2026-05-27T01:03:58.0613395+05:30 Info: Class kotlin.collections.CollectionsKt__IterablesKt$Iterable$1 has malformed kotlin.Metadata: java.lang.IllegalArgumentException: Provided Metadata instance has version 2.3.0, while maximum supported version is 2.2.0. To support newer versions, update the kotlin-metadata-jvm library.
2026-05-27T01:03:58.0683536+05:30 Info: Class kotlin.ContextParametersKt__ContextOfKt has malformed kotlin.Metadata: java.lang.IllegalArgumentException: Provided Metadata instance has version 2.3.0, while maximum supported version is 2.2.0. To support newer versions, update the kotlin-metadata-jvm library.
2026-05-27T01:03:58.0708633+05:30 Info: Class kotlin.sequences.DistinctSequence has malformed kotlin.Metadata: java.lang.IllegalArgumentException: Provided Metadata instance has version 2.3.0, while maximum supported version is 2.2.0. To support newer versions, update the kotlin-metadata-jvm library.
2026-05-27T01:03:58.1446108+05:30 Info: Class kotlin.jvm.functions.Function18 has malformed kotlin.Metadata: java.lang.IllegalArgumentException: Provided Metadata instance has version 2.3.0, while maximum supported version is 2.2.0. To support newer versions, update the kotlin-metadata-jvm library.
2026-05-27T01:03:58.2215269+05:30 Info: Class kotlin.collections.ArraysKt___ArraysKt$asIterable$$inlined$Iterable$9 has malformed kotlin.Metadata: java.lang.IllegalArgumentException: Provided Metadata instance has version 2.3.0, while maximum supported version is 2.2.0. To support newer versions, update the kotlin-metadata-jvm library.
2026-05-27T01:03:58.2516314+05:30 Info: Class kotlin.reflect.KProperty1 has malformed kotlin.Metadata: java.lang.IllegalArgumentException: Provided Metadata instance has version 2.3.0, while maximum supported version is 2.2.0. To support newer versions, update the kotlin-metadata-jvm library.
2026-05-27T01:03:58.2541416+05:30 Info: Class kotlin.coroutines.jvm.internal.SpillingKt has malformed kotlin.Metadata: java.lang.IllegalArgumentException: Provided Metadata instance has version 2.3.0, while maximum supported version is 2.2.0. To support newer versions, update the kotlin-metadata-jvm library.
2026-05-27T01:03:58.2561356+05:30 Info: Class kotlin.collections.ArraysKt__ArraysKt has malformed kotlin.Metadata: java.lang.IllegalArgumentException: Provided Metadata instance has version 2.3.0, while maximum supported version is 2.2.0. To support newer versions, update the kotlin-metadata-jvm library.
2026-05-27T01:03:58.2586430+05:30 Info: Class kotlin.time.FractionalParser has malformed kotlin.Metadata: java.lang.IllegalArgumentException: Provided Metadata instance has version 2.3.0, while maximum supported version is 2.2.0. To support newer versions, update the kotlin-metadata-jvm library.
2026-05-27T01:03:58.2596424+05:30 Info: Class kotlin.text.MatchResult has malformed kotlin.Metadata: java.lang.IllegalArgumentException: Provided Metadata instance has version 2.3.0, while maximum supported version is 2.2.0. To support newer versions, update the kotlin-metadata-jvm library.
2026-05-27T01:03:58.2616410+05:30 Info: Class kotlin.internal.OnlyInputTypes has malformed kotlin.Metadata: java.lang.IllegalArgumentException: Provided Metadata instance has version 2.3.0, while maximum supported version is 2.2.0. To support newer versions, update the kotlin-metadata-jvm library.
2026-05-27T01:03:58.2651676+05:30 Info: Class kotlin.time.Duration has malformed kotlin.Metadata: java.lang.IllegalArgumentException: Provided Metadata instance has version 2.3.0, while maximum supported version is 2.2.0. To support newer versions, update the kotlin-metadata-jvm library.
2026-05-27T01:03:58.2671469+05:30 Info: Class kotlin.collections.builders.ListBuilder has malformed kotlin.Metadata: java.lang.IllegalArgumentException: Provided Metadata instance has version 2.3.0, while maximum supported version is 2.2.0. To support newer versions, update the kotlin-metadata-jvm library.
2026-05-27T01:03:58.2686698+05:30 Info: Class kotlin.collections.ArraysKt___ArraysKt$asIterable$$inlined$Iterable$8 has malformed kotlin.Metadata: java.lang.IllegalArgumentException: Provided Metadata instance has version 2.3.0, while maximum supported version is 2.2.0. To support newer versions, update the kotlin-metadata-jvm library.
2026-05-27T01:03:58.2726747+05:30 Info: Class kotlin.jvm.functions.Function17 has malformed kotlin.Metadata: java.lang.IllegalArgumentException: Provided Metadata instance has version 2.3.0, while maximum supported version is 2.2.0. To support newer versions, update the kotlin-metadata-jvm library.
2026-05-27T01:03:58.2842090+05:30 Info: Class kotlin.random.Random$Default$Serialized has malformed kotlin.Metadata: java.lang.IllegalArgumentException: Provided Metadata instance has version 2.3.0, while maximum supported version is 2.2.0. To support newer versions, update the kotlin-metadata-jvm library.
2026-05-27T01:03:58.2902233+05:30 Info: Class kotlin.reflect.KProperty0 has malformed kotlin.Metadata: java.lang.IllegalArgumentException: Provided Metadata instance has version 2.3.0, while maximum supported version is 2.2.0. To support newer versions, update the kotlin-metadata-jvm library.
2026-05-27T01:03:58.2957521+05:30 Info: Class kotlin.ExperimentalMultiplatform has malformed kotlin.Metadata: java.lang.IllegalArgumentException: Provided Metadata instance has version 2.3.0, while maximum supported version is 2.2.0. To support newer versions, update the kotlin-metadata-jvm library.
2026-05-27T01:03:58.2997757+05:30 Info: Class kotlin.io.path.CopyActionResult has malformed kotlin.Metadata: java.lang.IllegalArgumentException: Provided Metadata instance has version 2.3.0, while maximum supported version is 2.2.0. To support newer versions, update the kotlin-metadata-jvm library.
2026-05-27T01:03:58.3007688+05:30 Info: Class kotlin.NumbersKt__BigIntegersKt has malformed kotlin.Metadata: java.lang.IllegalArgumentException: Provided Metadata instance has version 2.3.0, while maximum supported version is 2.2.0. To support newer versions, update the kotlin-metadata-jvm library.
2026-05-27T01:03:58.3021957+05:30 Info: Class kotlin.collections.builders.MapBuilderValues has malformed kotlin.Metadata: java.lang.IllegalArgumentException: Provided Metadata instance has version 2.3.0, while maximum supported version is 2.2.0. To support newer versions, update the kotlin-metadata-jvm library.
2026-05-27T01:03:58.3041894+05:30 Info: Class kotlin.coroutines.CombinedContext$Serialized$Companion has malformed kotlin.Metadata: java.lang.IllegalArgumentException: Provided Metadata instance has version 2.3.0, while maximum supported version is 2.2.0. To support newer versions, update the kotlin-metadata-jvm library.
2026-05-27T01:03:58.3051890+05:30 Info: Class kotlin.jvm.internal.ArrayLongIterator has malformed kotlin.Metadata: java.lang.IllegalArgumentException: Provided Metadata instance has version 2.3.0, while maximum supported version is 2.2.0. To support newer versions, update the kotlin-metadata-jvm library.
2026-05-27T01:03:58.3067057+05:30 Info: Class kotlin.OptionalExpectation has malformed kotlin.Metadata: java.lang.IllegalArgumentException: Provided Metadata instance has version 2.3.0, while maximum supported version is 2.2.0. To support newer versions, update the kotlin-metadata-jvm library.
2026-05-27T01:03:58.3086961+05:30 Info: Class kotlin.io.FilePathComponents has malformed kotlin.Metadata: java.lang.IllegalArgumentException: Provided Metadata instance has version 2.3.0, while maximum supported version is 2.2.0. To support newer versions, update the kotlin-metadata-jvm library.
2026-05-27T01:03:58.3102135+05:30 Info: Class kotlin.contracts.Returns has malformed kotlin.Metadata: java.lang.IllegalArgumentException: Provided Metadata instance has version 2.3.0, while maximum supported version is 2.2.0. To support newer versions, update the kotlin-metadata-jvm library.
2026-05-27T01:03:58.3122045+05:30 Info: Class kotlin.io.FileWalkDirection has malformed kotlin.Metadata: java.lang.IllegalArgumentException: Provided Metadata instance has version 2.3.0, while maximum supported version is 2.2.0. To support newer versions, update the kotlin-metadata-jvm library.
2026-05-27T01:03:58.3182543+05:30 Info: Class kotlin.collections.unsigned.UArraysKt___UArraysJvmKt$asList$4 has malformed kotlin.Metadata: java.lang.IllegalArgumentException: Provided Metadata instance has version 2.3.0, while maximum supported version is 2.2.0. To support newer versions, update the kotlin-metadata-jvm library.
2026-05-27T01:03:58.3192531+05:30 Info: Class kotlin.jvm.functions.Function16 has malformed kotlin.Metadata: java.lang.IllegalArgumentException: Provided Metadata instance has version 2.3.0, while maximum supported version is 2.2.0. To support newer versions, update the kotlin-metadata-jvm library.
2026-05-27T01:03:58.3207689+05:30 Info: Class kotlin.collections.ArraysKt___ArraysKt$asIterable$$inlined$Iterable$7 has malformed kotlin.Metadata: java.lang.IllegalArgumentException: Provided Metadata instance has version 2.3.0, while maximum supported version is 2.2.0. To support newer versions, update the kotlin-metadata-jvm library.
2026-05-27T01:03:58.3217610+05:30 Info: Class kotlin.ranges.ClosedDoubleRange has malformed kotlin.Metadata: java.lang.IllegalArgumentException: Provided Metadata instance has version 2.3.0, while maximum supported version is 2.2.0. To support newer versions, update the kotlin-metadata-jvm library.
2026-05-27T01:03:58.3237603+05:30 Info: Class kotlin.sequences.USequencesKt___USequencesKt has malformed kotlin.Metadata: java.lang.IllegalArgumentException: Provided Metadata instance has version 2.3.0, while maximum supported version is 2.2.0. To support newer versions, update the kotlin-metadata-jvm library.
2026-05-27T01:03:58.3503639+05:30 Info: Class kotlin.experimental.ExpectRefinement has malformed kotlin.Metadata: java.lang.IllegalArgumentException: Provided Metadata instance has version 2.3.0, while maximum supported version is 2.2.0. To support newer versions, update the kotlin-metadata-jvm library.
2026-05-27T01:03:58.3528822+05:30 Info: Class kotlin.text.RegexKt$fromInt$1$1 has malformed kotlin.Metadata: java.lang.IllegalArgumentException: Provided Metadata instance has version 2.3.0, while maximum supported version is 2.2.0. To support newer versions, update the kotlin-metadata-jvm library.
2026-05-27T01:03:58.3539087+05:30 Info: Class kotlin.sequences.TakeWhileSequence has malformed kotlin.Metadata: java.lang.IllegalArgumentException: Provided Metadata instance has version 2.3.0, while maximum supported version is 2.2.0. To support newer versions, update the kotlin-metadata-jvm library.
2026-05-27T01:03:58.3559010+05:30 Info: Class kotlin.collections.builders.ListBuilderKt has malformed kotlin.Metadata: java.lang.IllegalArgumentException: Provided Metadata instance has version 2.3.0, while maximum supported version is 2.2.0. To support newer versions, update the kotlin-metadata-jvm library.
2026-05-27T01:03:58.3574167+05:30 Info: Class kotlin.time.Clock$System has malformed kotlin.Metadata: java.lang.IllegalArgumentException: Provided Metadata instance has version 2.3.0, while maximum supported version is 2.2.0. To support newer versions, update the kotlin-metadata-jvm library.
2026-05-27T01:03:58.3584093+05:30 Info: Class kotlin.time.TimeSource$WithComparableMarks has malformed kotlin.Metadata: java.lang.IllegalArgumentException: Provided Metadata instance has version 2.3.0, while maximum supported version is 2.2.0. To support newer versions, update the kotlin-metadata-jvm library.
2026-05-27T01:03:58.3594102+05:30 Info: Class kotlin.collections.AbstractMap$keys$1$iterator$1 has malformed kotlin.Metadata: java.lang.IllegalArgumentException: Provided Metadata instance has version 2.3.0, while maximum supported version is 2.2.0. To support newer versions, update the kotlin-metadata-jvm library.
2026-05-27T01:03:58.3604088+05:30 Info: Class kotlin.random.AbstractPlatformRandom has malformed kotlin.Metadata: java.lang.IllegalArgumentException: Provided Metadata instance has version 2.3.0, while maximum supported version is 2.2.0. To support newer versions, update the kotlin-metadata-jvm library.
2026-05-27T01:03:58.3614078+05:30 Info: Class kotlin.jvm.internal.IntCompanionObject has malformed kotlin.Metadata: java.lang.IllegalArgumentException: Provided Metadata instance has version 2.3.0, while maximum supported version is 2.2.0. To support newer versions, update the kotlin-metadata-jvm library.
2026-05-27T01:03:58.3634084+05:30 Info: Class com.google.maps.android.heatmaps.Gradient$Companion has malformed kotlin.Metadata: java.lang.IllegalArgumentException: Provided Metadata instance has version 2.3.0, while maximum supported version is 2.2.0. To support newer versions, update the kotlin-metadata-jvm library.
2026-05-27T01:03:58.3689297+05:30 Info: Class kotlin.coroutines.intrinsics.IntrinsicsKt__IntrinsicsJvmKt$createCoroutineUnintercepted$$inlined$createCoroutineFromSuspendFunction$IntrinsicsKt__IntrinsicsJvmKt$1 has malformed kotlin.Metadata: java.lang.IllegalArgumentException: Provided Metadata instance has version 2.3.0, while maximum supported version is 2.2.0. To support newer versions, update the kotlin-metadata-jvm library.
2026-05-27T01:03:58.3709188+05:30 Info: Class kotlin.collections.unsigned.UArraysKt___UArraysJvmKt$asList$3 has malformed kotlin.Metadata: java.lang.IllegalArgumentException: Provided Metadata instance has version 2.3.0, while maximum supported version is 2.2.0. To support newer versions, update the kotlin-metadata-jvm library.
2026-05-27T01:03:58.3724327+05:30 Info: Class kotlin.text.Regex$Serialized has malformed kotlin.Metadata: java.lang.IllegalArgumentException: Provided Metadata instance has version 2.3.0, while maximum supported version is 2.2.0. To support newer versions, update the kotlin-metadata-jvm library.
2026-05-27T01:03:58.3734243+05:30 Info: Class kotlin.text.CharDirectionality has malformed kotlin.Metadata: java.lang.IllegalArgumentException: Provided Metadata instance has version 2.3.0, while maximum supported version is 2.2.0. To support newer versions, update the kotlin-metadata-jvm library.
2026-05-27T01:03:58.3769555+05:30 Info: Class kotlin.collections.ArraysKt___ArraysKt$asIterable$$inlined$Iterable$6 has malformed kotlin.Metadata: java.lang.IllegalArgumentException: Provided Metadata instance has version 2.3.0, while maximum supported version is 2.2.0. To support newer versions, update the kotlin-metadata-jvm library.
2026-05-27T01:03:58.3779505+05:30 Info: Class kotlin.jvm.functions.Function15 has malformed kotlin.Metadata: java.lang.IllegalArgumentException: Provided Metadata instance has version 2.3.0, while maximum supported version is 2.2.0. To support newer versions, update the kotlin-metadata-jvm library.
2026-05-27T01:03:58.3804640+05:30 Info: Class kotlin.comparisons.UComparisonsKt___UComparisonsKt has malformed kotlin.Metadata: java.lang.IllegalArgumentException: Provided Metadata instance has version 2.3.0, while maximum supported version is 2.2.0. To support newer versions, update the kotlin-metadata-jvm library.
2026-05-27T01:03:58.3834555+05:30 Info: Class kotlin.reflect.KProperty2 has malformed kotlin.Metadata: java.lang.IllegalArgumentException: Provided Metadata instance has version 2.3.0, while maximum supported version is 2.2.0. To support newer versions, update the kotlin-metadata-jvm library.
2026-05-27T01:03:58.3849948+05:30 Info: Class kotlin.time.AdjustedTimeMark has malformed kotlin.Metadata: java.lang.IllegalArgumentException: Provided Metadata instance has version 2.3.0, while maximum supported version is 2.2.0. To support newer versions, update the kotlin-metadata-jvm library.
2026-05-27T01:03:58.3859883+05:30 Info: Class kotlin.reflect.KTypeProjection$WhenMappings has malformed kotlin.Metadata: java.lang.IllegalArgumentException: Provided Metadata instance has version 2.3.0, while maximum supported version is 2.2.0. To support newer versions, update the kotlin-metadata-jvm library.
2026-05-27T01:03:58.3879873+05:30 Info: Class kotlin.collections.builders.MapBuilder$ValuesItr has malformed kotlin.Metadata: java.lang.IllegalArgumentException: Provided Metadata instance has version 2.3.0, while maximum supported version is 2.2.0. To support newer versions, update the kotlin-metadata-jvm library.
2026-05-27T01:03:58.3894948+05:30 Info: Class kotlin.text.Regex has malformed kotlin.Metadata: java.lang.IllegalArgumentException: Provided Metadata instance has version 2.3.0, while maximum supported version is 2.2.0. To support newer versions, update the kotlin-metadata-jvm library.
2026-05-27T01:03:58.3904941+05:30 Info: Class kotlin.StandardKt has malformed kotlin.Metadata: java.lang.IllegalArgumentException: Provided Metadata instance has version 2.3.0, while maximum supported version is 2.2.0. To support newer versions, update the kotlin-metadata-jvm library.
2026-05-27T01:03:58.3920077+05:30 Info: Class kotlin.time.TimeMark$DefaultImpls has malformed kotlin.Metadata: java.lang.IllegalArgumentException: Provided Metadata instance has version 2.3.0, while maximum supported version is 2.2.0. To support newer versions, update the kotlin-metadata-jvm library.
2026-05-27T01:03:58.4442130+05:30 Info: Class kotlin.ContextParametersKt has malformed kotlin.Metadata: java.lang.IllegalArgumentException: Provided Metadata instance has version 2.3.0, while maximum supported version is 2.2.0. To support newer versions, update the kotlin-metadata-jvm library.
2026-05-27T01:03:58.4492042+05:30 Info: Class kotlin.properties.Delegates$vetoable$1 has malformed kotlin.Metadata: java.lang.IllegalArgumentException: Provided Metadata instance has version 2.3.0, while maximum supported version is 2.2.0. To support newer versions, update the kotlin-metadata-jvm library.
2026-05-27T01:03:58.4512032+05:30 Info: Class kotlin.io.FileTreeWalk has malformed kotlin.Metadata: java.lang.IllegalArgumentException: Provided Metadata instance has version 2.3.0, while maximum supported version is 2.2.0. To support newer versions, update the kotlin-metadata-jvm library.
2026-05-27T01:03:58.4527109+05:30 Info: Class kotlin.collections.unsigned.UArraysKt___UArraysJvmKt$asList$2 has malformed kotlin.Metadata: java.lang.IllegalArgumentException: Provided Metadata instance has version 2.3.0, while maximum supported version is 2.2.0. To support newer versions, update the kotlin-metadata-jvm library.
2026-05-27T01:03:58.4537110+05:30 Info: Class kotlin.coroutines.intrinsics.IntrinsicsKt__IntrinsicsJvmKt$createCoroutineUnintercepted$$inlined$createCoroutineFromSuspendFunction$IntrinsicsKt__IntrinsicsJvmKt$2 has malformed kotlin.Metadata: java.lang.IllegalArgumentException: Provided Metadata instance has version 2.3.0, while maximum supported version is 2.2.0. To support newer versions, update the kotlin-metadata-jvm library.
2026-05-27T01:03:58.4552292+05:30 Info: Class kotlin.jvm.functions.Function14 has malformed kotlin.Metadata: java.lang.IllegalArgumentException: Provided Metadata instance has version 2.3.0, while maximum supported version is 2.2.0. To support newer versions, update the kotlin-metadata-jvm library.
2026-05-27T01:03:58.4572185+05:30 Info: Class kotlin.internal.jdk8.JDK8PlatformImplementations has malformed kotlin.Metadata: java.lang.IllegalArgumentException: Provided Metadata instance has version 2.3.0, while maximum supported version is 2.2.0. To support newer versions, update the kotlin-metadata-jvm library.
2026-05-27T01:03:58.4582188+05:30 Info: Class kotlin.WasExperimental has malformed kotlin.Metadata: java.lang.IllegalArgumentException: Provided Metadata instance has version 2.3.0, while maximum supported version is 2.2.0. To support newer versions, update the kotlin-metadata-jvm library.
2026-05-27T01:03:58.4597583+05:30 Info: Class kotlin.collections.ArraysKt___ArraysKt$asIterable$$inlined$Iterable$5 has malformed kotlin.Metadata: java.lang.IllegalArgumentException: Provided Metadata instance has version 2.3.0, while maximum supported version is 2.2.0. To support newer versions, update the kotlin-metadata-jvm library.
2026-05-27T01:03:58.4607523+05:30 Info: Class kotlin.ranges.URangesKt___URangesKt has malformed kotlin.Metadata: java.lang.IllegalArgumentException: Provided Metadata instance has version 2.3.0, while maximum supported version is 2.2.0. To support newer versions, update the kotlin-metadata-jvm library.
2026-05-27T01:03:58.4662601+05:30 Info: Class kotlin.ThrowsKt has malformed kotlin.Metadata: java.lang.IllegalArgumentException: Provided Metadata instance has version 2.3.0, while maximum supported version is 2.2.0. To support newer versions, update the kotlin-metadata-jvm library.
2026-05-27T01:03:58.4697859+05:30 Info: Class kotlin.collections.AbstractList$IteratorImpl has malformed kotlin.Metadata: java.lang.IllegalArgumentException: Provided Metadata instance has version 2.3.0, while maximum supported version is 2.2.0. To support newer versions, update the kotlin-metadata-jvm library.
2026-05-27T01:03:58.4712993+05:30 Info: Class kotlin.text.CharDirectionality$Companion has malformed kotlin.Metadata: java.lang.IllegalArgumentException: Provided Metadata instance has version 2.3.0, while maximum supported version is 2.2.0. To support newer versions, update the kotlin-metadata-jvm library.
2026-05-27T01:03:58.4742919+05:30 Info: Class kotlin.annotation.AnnotationTarget has malformed kotlin.Metadata: java.lang.IllegalArgumentException: Provided Metadata instance has version 2.3.0, while maximum supported version is 2.2.0. To support newer versions, update the kotlin-metadata-jvm library.
2026-05-27T01:03:58.4757986+05:30 Info: Class kotlin.jvm.internal.SourceDebugExtension has malformed kotlin.Metadata: java.lang.IllegalArgumentException: Provided Metadata instance has version 2.3.0, while maximum supported version is 2.2.0. To support newer versions, update the kotlin-metadata-jvm library.
2026-05-27T01:03:58.5577139+05:30 Info: Class kotlin.collections.ArraysKt___ArraysKt$asIterable$$inlined$Iterable$4 has malformed kotlin.Metadata: java.lang.IllegalArgumentException: Provided Metadata instance has version 2.3.0, while maximum supported version is 2.2.0. To support newer versions, update the kotlin-metadata-jvm library.
2026-05-27T01:03:58.5587083+05:30 Info: Class kotlin.ranges.ULongProgression has malformed kotlin.Metadata: java.lang.IllegalArgumentException: Provided Metadata instance has version 2.3.0, while maximum supported version is 2.2.0. To support newer versions, update the kotlin-metadata-jvm library.
2026-05-27T01:03:58.5607074+05:30 Info: Class kotlin.jvm.functions.Function13 has malformed kotlin.Metadata: java.lang.IllegalArgumentException: Provided Metadata instance has version 2.3.0, while maximum supported version is 2.2.0. To support newer versions, update the kotlin-metadata-jvm library.
2026-05-27T01:03:58.5677390+05:30 Info: Class kotlin.text.CharsKt__CharJVMKt has malformed kotlin.Metadata: java.lang.IllegalArgumentException: Provided Metadata instance has version 2.3.0, while maximum supported version is 2.2.0. To support newer versions, update the kotlin-metadata-jvm library.
2026-05-27T01:03:58.5722730+05:30 Info: Class kotlin.coroutines.ContinuationInterceptor has malformed kotlin.Metadata: java.lang.IllegalArgumentException: Provided Metadata instance has version 2.3.0, while maximum supported version is 2.2.0. To support newer versions, update the kotlin-metadata-jvm library.
2026-05-27T01:03:58.6458884+05:30 Info: Class kotlin.jvm.internal.DoubleSpreadBuilder has malformed kotlin.Metadata: java.lang.IllegalArgumentException: Provided Metadata instance has version 2.3.0, while maximum supported version is 2.2.0. To support newer versions, update the kotlin-metadata-jvm library.
2026-05-27T01:03:58.6513945+05:30 Info: Class kotlin.coroutines.intrinsics.IntrinsicsKt__IntrinsicsJvmKt$createCoroutineUnintercepted$$inlined$createCoroutineFromSuspendFunction$IntrinsicsKt__IntrinsicsJvmKt$3 has malformed kotlin.Metadata: java.lang.IllegalArgumentException: Provided Metadata instance has version 2.3.0, while maximum supported version is 2.2.0. To support newer versions, update the kotlin-metadata-jvm library.
2026-05-27T01:03:58.6529004+05:30 Info: Class com.google.maps.android.heatmaps.Gradient$ColorInterval has malformed kotlin.Metadata: java.lang.IllegalArgumentException: Provided Metadata instance has version 2.3.0, while maximum supported version is 2.2.0. To support newer versions, update the kotlin-metadata-jvm library.
2026-05-27T01:03:58.6539002+05:30 Info: Class kotlin.jvm.internal.ClassBasedDeclarationContainer has malformed kotlin.Metadata: java.lang.IllegalArgumentException: Provided Metadata instance has version 2.3.0, while maximum supported version is 2.2.0. To support newer versions, update the kotlin-metadata-jvm library.
2026-05-27T01:03:58.6564072+05:30 Info: Class kotlin.UByte has malformed kotlin.Metadata: java.lang.IllegalArgumentException: Provided Metadata instance has version 2.3.0, while maximum supported version is 2.2.0. To support newer versions, update the kotlin-metadata-jvm library.
2026-05-27T01:03:58.6589200+05:30 Info: Class kotlin.text.StringsKt__AppendableKt has malformed kotlin.Metadata: java.lang.IllegalArgumentException: Provided Metadata instance has version 2.3.0, while maximum supported version is 2.2.0. To support newer versions, update the kotlin-metadata-jvm library.
2026-05-27T01:03:58.6609125+05:30 Info: Class kotlin.internal.SerializationUtilKt has malformed kotlin.Metadata: java.lang.IllegalArgumentException: Provided Metadata instance has version 2.3.0, while maximum supported version is 2.2.0. To support newer versions, update the kotlin-metadata-jvm library.
2026-05-27T01:03:58.6629113+05:30 Info: Class kotlin.collections.unsigned.UArraysKt___UArraysJvmKt$asList$1 has malformed kotlin.Metadata: java.lang.IllegalArgumentException: Provided Metadata instance has version 2.3.0, while maximum supported version is 2.2.0. To support newer versions, update the kotlin-metadata-jvm library.
2026-05-27T01:03:58.6674176+05:30 Info: Class kotlin.PublishedApi has malformed kotlin.Metadata: java.lang.IllegalArgumentException: Provided Metadata instance has version 2.3.0, while maximum supported version is 2.2.0. To support newer versions, update the kotlin-metadata-jvm library.
2026-05-27T01:03:58.6684158+05:30 Info: Class kotlin.system.TimingKt has malformed kotlin.Metadata: java.lang.IllegalArgumentException: Provided Metadata instance has version 2.3.0, while maximum supported version is 2.2.0. To support newer versions, update the kotlin-metadata-jvm library.
2026-05-27T01:03:58.6709208+05:30 Info: Class kotlin.text.RegexOption has malformed kotlin.Metadata: java.lang.IllegalArgumentException: Provided Metadata instance has version 2.3.0, while maximum supported version is 2.2.0. To support newer versions, update the kotlin-metadata-jvm library.
2026-05-27T01:03:58.6734331+05:30 Info: Class kotlin.jvm.internal.Lambda has malformed kotlin.Metadata: java.lang.IllegalArgumentException: Provided Metadata instance has version 2.3.0, while maximum supported version is 2.2.0. To support newer versions, update the kotlin-metadata-jvm library.
2026-05-27T01:03:58.7125398+05:30 Info: Class kotlin.coroutines.intrinsics.IntrinsicsKt__IntrinsicsJvmKt$createCoroutineUnintercepted$$inlined$createCoroutineFromSuspendFunction$IntrinsicsKt__IntrinsicsJvmKt$4 has malformed kotlin.Metadata: java.lang.IllegalArgumentException: Provided Metadata instance has version 2.3.0, while maximum supported version is 2.2.0. To support newer versions, update the kotlin-metadata-jvm library.
2026-05-27T01:03:58.7526445+05:30 Info: Class com.google.firebase.auth.AuthKt has malformed kotlin.Metadata: java.lang.IllegalArgumentException: Provided Metadata instance has version 2.3.0, while maximum supported version is 2.2.0. To support newer versions, update the kotlin-metadata-jvm library.
2026-05-27T01:03:58.7561734+05:30 Info: Class kotlin.text.StringsKt__RegexExtensionsJVMKt has malformed kotlin.Metadata: java.lang.IllegalArgumentException: Provided Metadata instance has version 2.3.0, while maximum supported version is 2.2.0. To support newer versions, update the kotlin-metadata-jvm library.
2026-05-27T01:03:58.7576866+05:30 Info: Class kotlin.jvm.internal.markers.KMappedMarker has malformed kotlin.Metadata: java.lang.IllegalArgumentException: Provided Metadata instance has version 2.3.0, while maximum supported version is 2.2.0. To support newer versions, update the kotlin-metadata-jvm library.
2026-05-27T01:03:58.7596797+05:30 Info: Class kotlin.ranges.LongProgression has malformed kotlin.Metadata: java.lang.IllegalArgumentException: Provided Metadata instance has version 2.3.0, while maximum supported version is 2.2.0. To support newer versions, update the kotlin-metadata-jvm library.
2026-05-27T01:03:58.7611940+05:30 Info: Class kotlin.KotlinVersion has malformed kotlin.Metadata: java.lang.IllegalArgumentException: Provided Metadata instance has version 2.3.0, while maximum supported version is 2.2.0. To support newer versions, update the kotlin-metadata-jvm library.
2026-05-27T01:03:58.7631866+05:30 Info: Class kotlin.io.path.OnErrorResult has malformed kotlin.Metadata: java.lang.IllegalArgumentException: Provided Metadata instance has version 2.3.0, while maximum supported version is 2.2.0. To support newer versions, update the kotlin-metadata-jvm library.
2026-05-27T01:03:58.7661853+05:30 Info: Class kotlin.jvm.internal.SerializedIr has malformed kotlin.Metadata: java.lang.IllegalArgumentException: Provided Metadata instance has version 2.3.0, while maximum supported version is 2.2.0. To support newer versions, update the kotlin-metadata-jvm library.
2026-05-27T01:03:58.7681842+05:30 Info: Class kotlin.text.HexFormat$Builder has malformed kotlin.Metadata: java.lang.IllegalArgumentException: Provided Metadata instance has version 2.3.0, while maximum supported version is 2.2.0. To support newer versions, update the kotlin-metadata-jvm library.
2026-05-27T01:03:58.8659853+05:30 Info: Class kotlin.NumbersKt__FloorDivModKt has malformed kotlin.Metadata: java.lang.IllegalArgumentException: Provided Metadata instance has version 2.3.0, while maximum supported version is 2.2.0. To support newer versions, update the kotlin-metadata-jvm library.
2026-05-27T01:03:58.8685356+05:30 Info: Class kotlin.BuilderInference has malformed kotlin.Metadata: java.lang.IllegalArgumentException: Provided Metadata instance has version 2.3.0, while maximum supported version is 2.2.0. To support newer versions, update the kotlin-metadata-jvm library.
2026-05-27T01:03:58.8710312+05:30 Info: Class kotlin.math.MathKt__MathJVMKt has malformed kotlin.Metadata: java.lang.IllegalArgumentException: Provided Metadata instance has version 2.3.0, while maximum supported version is 2.2.0. To support newer versions, update the kotlin-metadata-jvm library.
2026-05-27T01:03:58.8720351+05:30 Info: Class kotlin.PreconditionsKt__PreconditionsKt has malformed kotlin.Metadata: java.lang.IllegalArgumentException: Provided Metadata instance has version 2.3.0, while maximum supported version is 2.2.0. To support newer versions, update the kotlin-metadata-jvm library.
2026-05-27T01:03:58.8730344+05:30 Info: Class kotlin.time.ComparableTimeMark$DefaultImpls has malformed kotlin.Metadata: java.lang.IllegalArgumentException: Provided Metadata instance has version 2.3.0, while maximum supported version is 2.2.0. To support newer versions, update the kotlin-metadata-jvm library.
2026-05-27T01:03:58.8745497+05:30 Info: Class kotlin.reflect.KProperty$Accessor has malformed kotlin.Metadata: java.lang.IllegalArgumentException: Provided Metadata instance has version 2.3.0, while maximum supported version is 2.2.0. To support newer versions, update the kotlin-metadata-jvm library.
2026-05-27T01:03:58.8765428+05:30 Info: Class kotlin.coroutines.AbstractCoroutineContextElement has malformed kotlin.Metadata: java.lang.IllegalArgumentException: Provided Metadata instance has version 2.3.0, while maximum supported version is 2.2.0. To support newer versions, update the kotlin-metadata-jvm library.
2026-05-27T01:03:58.8775413+05:30 Info: Class kotlin.OverloadResolutionByLambdaReturnType has malformed kotlin.Metadata: java.lang.IllegalArgumentException: Provided Metadata instance has version 2.3.0, while maximum supported version is 2.2.0. To support newer versions, update the kotlin-metadata-jvm library.
2026-05-27T01:03:58.8790786+05:30 Info: Class kotlin.collections.MapsKt___MapsJvmKt has malformed kotlin.Metadata: java.lang.IllegalArgumentException: Provided Metadata instance has version 2.3.0, while maximum supported version is 2.2.0. To support newer versions, update the kotlin-metadata-jvm library.
2026-05-27T01:03:58.8800730+05:30 Info: Class kotlin.sequences.FlatteningSequence$State has malformed kotlin.Metadata: java.lang.IllegalArgumentException: Provided Metadata instance has version 2.3.0, while maximum supported version is 2.2.0. To support newer versions, update the kotlin-metadata-jvm library.
2026-05-27T01:03:58.8825959+05:30 Info: Class kotlin.random.URandomKt has malformed kotlin.Metadata: java.lang.IllegalArgumentException: Provided Metadata instance has version 2.3.0, while maximum supported version is 2.2.0. To support newer versions, update the kotlin-metadata-jvm library.
2026-05-27T01:03:58.8845838+05:30 Info: Class kotlin.DeprecatedSinceKotlin has malformed kotlin.Metadata: java.lang.IllegalArgumentException: Provided Metadata instance has version 2.3.0, while maximum supported version is 2.2.0. To support newer versions, update the kotlin-metadata-jvm library.
2026-05-27T01:03:58.8860994+05:30 Info: Class kotlin.random.Random$Default has malformed kotlin.Metadata: java.lang.IllegalArgumentException: Provided Metadata instance has version 2.3.0, while maximum supported version is 2.2.0. To support newer versions, update the kotlin-metadata-jvm library.
2026-05-27T01:03:58.8881150+05:30 Info: Class kotlin.io.path.CopyActionContext has malformed kotlin.Metadata: java.lang.IllegalArgumentException: Provided Metadata instance has version 2.3.0, while maximum supported version is 2.2.0. To support newer versions, update the kotlin-metadata-jvm library.
2026-05-27T01:03:58.8901154+05:30 Info: Class kotlin.UInt has malformed kotlin.Metadata: java.lang.IllegalArgumentException: Provided Metadata instance has version 2.3.0, while maximum supported version is 2.2.0. To support newer versions, update the kotlin-metadata-jvm library.
2026-05-27T01:03:58.9433148+05:30 Info: Class kotlin.UShort has malformed kotlin.Metadata: java.lang.IllegalArgumentException: Provided Metadata instance has version 2.3.0, while maximum supported version is 2.2.0. To support newer versions, update the kotlin-metadata-jvm library.
2026-05-27T01:03:58.9443071+05:30 Info: Class kotlin.Metadata$DefaultImpls has malformed kotlin.Metadata: java.lang.IllegalArgumentException: Provided Metadata instance has version 2.3.0, while maximum supported version is 2.2.0. To support newer versions, update the kotlin-metadata-jvm library.
2026-05-27T01:03:59.0519583+05:30 Info: Class kotlin.collections.ArraysKt___ArraysKt has malformed kotlin.Metadata: java.lang.IllegalArgumentException: Provided Metadata instance has version 2.3.0, while maximum supported version is 2.2.0. To support newer versions, update the kotlin-metadata-jvm library.
2026-05-27T01:03:59.0534637+05:30 Info: Class kotlin.collections.AbstractSet$Companion has malformed kotlin.Metadata: java.lang.IllegalArgumentException: Provided Metadata instance has version 2.3.0, while maximum supported version is 2.2.0. To support newer versions, update the kotlin-metadata-jvm library.
2026-05-27T01:03:59.0554620+05:30 Info: Class kotlin.enums.EnumEntries has malformed kotlin.Metadata: java.lang.IllegalArgumentException: Provided Metadata instance has version 2.3.0, while maximum supported version is 2.2.0. To support newer versions, update the kotlin-metadata-jvm library.
2026-05-27T01:03:59.0569697+05:30 Info: Class kotlin.jvm.internal.PrimitiveSpreadBuilder has malformed kotlin.Metadata: java.lang.IllegalArgumentException: Provided Metadata instance has version 2.3.0, while maximum supported version is 2.2.0. To support newer versions, update the kotlin-metadata-jvm library.
2026-05-27T01:03:59.0604776+05:30 Info: Class kotlin.sequences.SequencesKt___SequencesJvmKt has malformed kotlin.Metadata: java.lang.IllegalArgumentException: Provided Metadata instance has version 2.3.0, while maximum supported version is 2.2.0. To support newer versions, update the kotlin-metadata-jvm library.
2026-05-27T01:03:59.0634754+05:30 Info: Class kotlin.internal.NoInfer has malformed kotlin.Metadata: java.lang.IllegalArgumentException: Provided Metadata instance has version 2.3.0, while maximum supported version is 2.2.0. To support newer versions, update the kotlin-metadata-jvm library.
2026-05-27T01:03:59.0704977+05:30 Info: Class com.google.maps.android.geometry.Point has malformed kotlin.Metadata: java.lang.IllegalArgumentException: Provided Metadata instance has version 2.3.0, while maximum supported version is 2.2.0. To support newer versions, update the kotlin-metadata-jvm library.
2026-05-27T01:03:59.0724961+05:30 Info: Class kotlin.collections.builders.MapBuilderKeys has malformed kotlin.Metadata: java.lang.IllegalArgumentException: Provided Metadata instance has version 2.3.0, while maximum supported version is 2.2.0. To support newer versions, update the kotlin-metadata-jvm library.
2026-05-27T01:03:59.0734956+05:30 Info: Class kotlin.reflect.KDeclarationContainer has malformed kotlin.Metadata: java.lang.IllegalArgumentException: Provided Metadata instance has version 2.3.0, while maximum supported version is 2.2.0. To support newer versions, update the kotlin-metadata-jvm library.
2026-05-27T01:03:59.0744949+05:30 Info: Class kotlin.collections.AbstractMap$values$1 has malformed kotlin.Metadata: java.lang.IllegalArgumentException: Provided Metadata instance has version 2.3.0, while maximum supported version is 2.2.0. To support newer versions, update the kotlin-metadata-jvm library.
2026-05-27T01:03:59.0764942+05:30 Info: Class kotlin.ranges.UIntProgressionIterator has malformed kotlin.Metadata: java.lang.IllegalArgumentException: Provided Metadata instance has version 2.3.0, while maximum supported version is 2.2.0. To support newer versions, update the kotlin-metadata-jvm library.
2026-05-27T01:03:59.0780019+05:30 Info: Class kotlin.TypeCastException has malformed kotlin.Metadata: java.lang.IllegalArgumentException: Provided Metadata instance has version 2.3.0, while maximum supported version is 2.2.0. To support newer versions, update the kotlin-metadata-jvm library.
2026-05-27T01:03:59.0790013+05:30 Info: Class kotlin.ExperimentalContextParameters has malformed kotlin.Metadata: java.lang.IllegalArgumentException: Provided Metadata instance has version 2.3.0, while maximum supported version is 2.2.0. To support newer versions, update the kotlin-metadata-jvm library.
2026-05-27T01:03:59.0805211+05:30 Info: Class kotlin.io.LinesSequence has malformed kotlin.Metadata: java.lang.IllegalArgumentException: Provided Metadata instance has version 2.3.0, while maximum supported version is 2.2.0. To support newer versions, update the kotlin-metadata-jvm library.
2026-05-27T01:03:59.0860529+05:30 Info: Class kotlin.uuid.Uuid$Companion has malformed kotlin.Metadata: java.lang.IllegalArgumentException: Provided Metadata instance has version 2.3.0, while maximum supported version is 2.2.0. To support newer versions, update the kotlin-metadata-jvm library.
2026-05-27T01:03:59.0875665+05:30 Info: Class kotlin.io.ReadAfterEOFException has malformed kotlin.Metadata: java.lang.IllegalArgumentException: Provided Metadata instance has version 2.3.0, while maximum supported version is 2.2.0. To support newer versions, update the kotlin-metadata-jvm library.
2026-05-27T01:03:59.0895601+05:30 Info: Class kotlin.enums.EnumEntriesSerializationProxy$Companion has malformed kotlin.Metadata: java.lang.IllegalArgumentException: Provided Metadata instance has version 2.3.0, while maximum supported version is 2.2.0. To support newer versions, update the kotlin-metadata-jvm library.
2026-05-27T01:03:59.0910747+05:30 Info: Class kotlin.collections.SlidingWindowKt$windowedSequence$$inlined$Sequence$1 has malformed kotlin.Metadata: java.lang.IllegalArgumentException: Provided Metadata instance has version 2.3.0, while maximum supported version is 2.2.0. To support newer versions, update the kotlin-metadata-jvm library.
2026-05-27T01:03:59.0930675+05:30 Info: Class kotlin.comparisons.ComparisonsKt__ComparisonsKt$thenBy$2 has malformed kotlin.Metadata: java.lang.IllegalArgumentException: Provided Metadata instance has version 2.3.0, while maximum supported version is 2.2.0. To support newer versions, update the kotlin-metadata-jvm library.
2026-05-27T01:03:59.0945815+05:30 Info: Class kotlin.ranges.OpenEndRange has malformed kotlin.Metadata: java.lang.IllegalArgumentException: Provided Metadata instance has version 2.3.0, while maximum supported version is 2.2.0. To support newer versions, update the kotlin-metadata-jvm library.
2026-05-27T01:03:59.0956021+05:30 Info: Class kotlin.text.StringsKt___StringsKt$asIterable$$inlined$Iterable$1 has malformed kotlin.Metadata: java.lang.IllegalArgumentException: Provided Metadata instance has version 2.3.0, while maximum supported version is 2.2.0. To support newer versions, update the kotlin-metadata-jvm library.
2026-05-27T01:03:59.1006187+05:30 Info: Class kotlin.text.HexFormat$BytesHexFormat$Companion has malformed kotlin.Metadata: java.lang.IllegalArgumentException: Provided Metadata instance has version 2.3.0, while maximum supported version is 2.2.0. To support newer versions, update the kotlin-metadata-jvm library.
2026-05-27T01:03:59.1026137+05:30 Info: Class kotlin.jvm.functions.Function22 has malformed kotlin.Metadata: java.lang.IllegalArgumentException: Provided Metadata instance has version 2.3.0, while maximum supported version is 2.2.0. To support newer versions, update the kotlin-metadata-jvm library.
2026-05-27T01:03:59.1041288+05:30 Info: Class kotlin.io.path.IllegalFileNameException has malformed kotlin.Metadata: java.lang.IllegalArgumentException: Provided Metadata instance has version 2.3.0, while maximum supported version is 2.2.0. To support newer versions, update the kotlin-metadata-jvm library.
2026-05-27T01:03:59.1051282+05:30 Info: Class kotlin.ranges.ULongRange$Companion has malformed kotlin.Metadata: java.lang.IllegalArgumentException: Provided Metadata instance has version 2.3.0, while maximum supported version is 2.2.0. To support newer versions, update the kotlin-metadata-jvm library.
2026-05-27T01:03:59.1066420+05:30 Info: Class kotlin.sequences.GeneratorSequence has malformed kotlin.Metadata: java.lang.IllegalArgumentException: Provided Metadata instance has version 2.3.0, while maximum supported version is 2.2.0. To support newer versions, update the kotlin-metadata-jvm library.
2026-05-27T01:03:59.1086355+05:30 Info: Class kotlin.sequences.SequencesKt__SequenceBuilderKt$sequence$$inlined$Sequence$1 has malformed kotlin.Metadata: java.lang.IllegalArgumentException: Provided Metadata instance has version 2.3.0, while maximum supported version is 2.2.0. To support newer versions, update the kotlin-metadata-jvm library.
2026-05-27T01:03:59.1101439+05:30 Info: Class kotlin.internal.RequireKotlin has malformed kotlin.Metadata: java.lang.IllegalArgumentException: Provided Metadata instance has version 2.3.0, while maximum supported version is 2.2.0. To support newer versions, update the kotlin-metadata-jvm library.
2026-05-27T01:03:59.1111438+05:30 Info: Class kotlin.coroutines.ContinuationKt has malformed kotlin.Metadata: java.lang.IllegalArgumentException: Provided Metadata instance has version 2.3.0, while maximum supported version is 2.2.0. To support newer versions, update the kotlin-metadata-jvm library.
2026-05-27T01:03:59.1126578+05:30 Info: Class kotlin.jvm.jdk8.JvmRepeatableKt has malformed kotlin.Metadata: java.lang.IllegalArgumentException: Provided Metadata instance has version 2.3.0, while maximum supported version is 2.2.0. To support newer versions, update the kotlin-metadata-jvm library.
2026-05-27T01:03:59.1502913+05:30 Info: Class kotlin.jvm.internal.BooleanSpreadBuilder has malformed kotlin.Metadata: java.lang.IllegalArgumentException: Provided Metadata instance has version 2.3.0, while maximum supported version is 2.2.0. To support newer versions, update the kotlin-metadata-jvm library.
2026-05-27T01:03:59.1543073+05:30 Info: Class kotlin.uuid.UuidSerialized$Companion has malformed kotlin.Metadata: java.lang.IllegalArgumentException: Provided Metadata instance has version 2.3.0, while maximum supported version is 2.2.0. To support newer versions, update the kotlin-metadata-jvm library.
2026-05-27T01:03:59.1558133+05:30 Info: Class kotlin.collections.CollectionsKt__CollectionsKt has malformed kotlin.Metadata: java.lang.IllegalArgumentException: Provided Metadata instance has version 2.3.0, while maximum supported version is 2.2.0. To support newer versions, update the kotlin-metadata-jvm library.
2026-05-27T01:03:59.2892571+05:30 Info: Class kotlin.DeepRecursiveFunction has malformed kotlin.Metadata: java.lang.IllegalArgumentException: Provided Metadata instance has version 2.3.0, while maximum supported version is 2.2.0. To support newer versions, update the kotlin-metadata-jvm library.
2026-05-27T01:03:59.2908013+05:30 Info: Class kotlin.comparisons.ComparisonsKt__ComparisonsKt$thenBy$1 has malformed kotlin.Metadata: java.lang.IllegalArgumentException: Provided Metadata instance has version 2.3.0, while maximum supported version is 2.2.0. To support newer versions, update the kotlin-metadata-jvm library.
2026-05-27T01:03:59.2917955+05:30 Info: Class kotlin.math.MathKt has malformed kotlin.Metadata: java.lang.IllegalArgumentException: Provided Metadata instance has version 2.3.0, while maximum supported version is 2.2.0. To support newer versions, update the kotlin-metadata-jvm library.
2026-05-27T01:03:59.2943099+05:30 Info: Class kotlin.text.Regex$splitToSequence$1 has malformed kotlin.Metadata: java.lang.IllegalArgumentException: Provided Metadata instance has version 2.3.0, while maximum supported version is 2.2.0. To support newer versions, update the kotlin-metadata-jvm library.
2026-05-27T01:03:59.2963018+05:30 Info: Class kotlin.sequences.TransformingSequence has malformed kotlin.Metadata: java.lang.IllegalArgumentException: Provided Metadata instance has version 2.3.0, while maximum supported version is 2.2.0. To support newer versions, update the kotlin-metadata-jvm library.
2026-05-27T01:03:59.3023497+05:30 Info: Class kotlin.io.encoding.Base64$PaddingOption has malformed kotlin.Metadata: java.lang.IllegalArgumentException: Provided Metadata instance has version 2.3.0, while maximum supported version is 2.2.0. To support newer versions, update the kotlin-metadata-jvm library.
2026-05-27T01:03:59.3043405+05:30 Info: Class kotlin.io.FileTreeWalk$DirectoryState has malformed kotlin.Metadata: java.lang.IllegalArgumentException: Provided Metadata instance has version 2.3.0, while maximum supported version is 2.2.0. To support newer versions, update the kotlin-metadata-jvm library.
2026-05-27T01:03:59.3058690+05:30 Info: Class kotlin.collections.CollectionsKt has malformed kotlin.Metadata: java.lang.IllegalArgumentException: Provided Metadata instance has version 2.3.0, while maximum supported version is 2.2.0. To support newer versions, update the kotlin-metadata-jvm library.
2026-05-27T01:03:59.3068519+05:30 Info: Class kotlin.reflect.KParameter$DefaultImpls has malformed kotlin.Metadata: java.lang.IllegalArgumentException: Provided Metadata instance has version 2.3.0, while maximum supported version is 2.2.0. To support newer versions, update the kotlin-metadata-jvm library.
2026-05-27T01:03:59.3088508+05:30 Info: Class kotlin.jvm.functions.Function21 has malformed kotlin.Metadata: java.lang.IllegalArgumentException: Provided Metadata instance has version 2.3.0, while maximum supported version is 2.2.0. To support newer versions, update the kotlin-metadata-jvm library.
2026-05-27T01:03:59.3108492+05:30 Info: Class kotlin.time.UnboundLocalDateTime has malformed kotlin.Metadata: java.lang.IllegalArgumentException: Provided Metadata instance has version 2.3.0, while maximum supported version is 2.2.0. To support newer versions, update the kotlin-metadata-jvm library.
2026-05-27T01:03:59.3118488+05:30 Info: Class kotlin.text.StringsKt__IndentKt has malformed kotlin.Metadata: java.lang.IllegalArgumentException: Provided Metadata instance has version 2.3.0, while maximum supported version is 2.2.0. To support newer versions, update the kotlin-metadata-jvm library.
2026-05-27T01:03:59.3133626+05:30 Info: Class com.google.maps.android.StreetViewJavaHelper has malformed kotlin.Metadata: java.lang.IllegalArgumentException: Provided Metadata instance has version 2.3.0, while maximum supported version is 2.2.0. To support newer versions, update the kotlin-metadata-jvm library.
2026-05-27T01:03:59.3384723+05:30 Info: Class kotlin.time.DurationUnitKt__DurationUnitKt$WhenMappings has malformed kotlin.Metadata: java.lang.IllegalArgumentException: Provided Metadata instance has version 2.3.0, while maximum supported version is 2.2.0. To support newer versions, update the kotlin-metadata-jvm library.
2026-05-27T01:03:59.3404716+05:30 Info: Class kotlin.sequences.IndexingSequence has malformed kotlin.Metadata: java.lang.IllegalArgumentException: Provided Metadata instance has version 2.3.0, while maximum supported version is 2.2.0. To support newer versions, update the kotlin-metadata-jvm library.
2026-05-27T01:03:59.4925142+05:30 Info: Class kotlin.jvm.JvmExposeBoxed has malformed kotlin.Metadata: java.lang.IllegalArgumentException: Provided Metadata instance has version 2.3.0, while maximum supported version is 2.2.0. To support newer versions, update the kotlin-metadata-jvm library.
2026-05-27T01:03:59.5130800+05:30 Info: Class kotlin.io.ByteStreamsKt$iterator$1 has malformed kotlin.Metadata: java.lang.IllegalArgumentException: Provided Metadata instance has version 2.3.0, while maximum supported version is 2.2.0. To support newer versions, update the kotlin-metadata-jvm library.
2026-05-27T01:03:59.5391429+05:30 Info: Class kotlin.LazyKt__LazyJVMKt has malformed kotlin.Metadata: java.lang.IllegalArgumentException: Provided Metadata instance has version 2.3.0, while maximum supported version is 2.2.0. To support newer versions, update the kotlin-metadata-jvm library.
2026-05-27T01:03:59.5431635+05:30 Info: Class kotlin.collections.ArraysKt___ArraysKt$groupingBy$1 has malformed kotlin.Metadata: java.lang.IllegalArgumentException: Provided Metadata instance has version 2.3.0, while maximum supported version is 2.2.0. To support newer versions, update the kotlin-metadata-jvm library.
2026-05-27T01:03:59.5451567+05:30 Info: Class kotlin.jvm.internal.TypeParameterReference has malformed kotlin.Metadata: java.lang.IllegalArgumentException: Provided Metadata instance has version 2.3.0, while maximum supported version is 2.2.0. To support newer versions, update the kotlin-metadata-jvm library.
2026-05-27T01:03:59.5466688+05:30 Info: Class kotlin.ranges.OpenEndFloatRange has malformed kotlin.Metadata: java.lang.IllegalArgumentException: Provided Metadata instance has version 2.3.0, while maximum supported version is 2.2.0. To support newer versions, update the kotlin-metadata-jvm library.
2026-05-27T01:03:59.5546972+05:30 Info: Class kotlin.jvm.functions.Function20 has malformed kotlin.Metadata: java.lang.IllegalArgumentException: Provided Metadata instance has version 2.3.0, while maximum supported version is 2.2.0. To support newer versions, update the kotlin-metadata-jvm library.
2026-05-27T01:03:59.5556977+05:30 Info: Class kotlin.jvm.internal.LocalVariableReference has malformed kotlin.Metadata: java.lang.IllegalArgumentException: Provided Metadata instance has version 2.3.0, while maximum supported version is 2.2.0. To support newer versions, update the kotlin-metadata-jvm library.
2026-05-27T01:03:59.5582034+05:30 Info: Class kotlin.internal.AccessibleLateinitPropertyLiteral has malformed kotlin.Metadata: java.lang.IllegalArgumentException: Provided Metadata instance has version 2.3.0, while maximum supported version is 2.2.0. To support newer versions, update the kotlin-metadata-jvm library.
2026-05-27T01:03:59.5717514+05:30 Info: Class kotlin.reflect.WildcardTypeImpl$Companion has malformed kotlin.Metadata: java.lang.IllegalArgumentException: Provided Metadata instance has version 2.3.0, while maximum supported version is 2.2.0. To support newer versions, update the kotlin-metadata-jvm library.
2026-05-27T01:03:59.5772651+05:30 Info: Class kotlin.reflect.KType has malformed kotlin.Metadata: java.lang.IllegalArgumentException: Provided Metadata instance has version 2.3.0, while maximum supported version is 2.2.0. To support newer versions, update the kotlin-metadata-jvm library.
2026-05-27T01:03:59.5787815+05:30 Info: Class kotlin.DeprecationLevel has malformed kotlin.Metadata: java.lang.IllegalArgumentException: Provided Metadata instance has version 2.3.0, while maximum supported version is 2.2.0. To support newer versions, update the kotlin-metadata-jvm library.
2026-05-27T01:03:59.5807739+05:30 Info: Class kotlin.StandardKt__SynchronizedKt has malformed kotlin.Metadata: java.lang.IllegalArgumentException: Provided Metadata instance has version 2.3.0, while maximum supported version is 2.2.0. To support newer versions, update the kotlin-metadata-jvm library.
2026-05-27T01:03:59.5898190+05:30 Info: Class kotlin.collections.Grouping has malformed kotlin.Metadata: java.lang.IllegalArgumentException: Provided Metadata instance has version 2.3.0, while maximum supported version is 2.2.0. To support newer versions, update the kotlin-metadata-jvm library.
2026-05-27T01:03:59.5943521+05:30 Info: Class kotlin.jvm.KotlinReflectionNotSupportedError has malformed kotlin.Metadata: java.lang.IllegalArgumentException: Provided Metadata instance has version 2.3.0, while maximum supported version is 2.2.0. To support newer versions, update the kotlin-metadata-jvm library.
2026-05-27T01:03:59.5958587+05:30 Info: Class kotlin.jvm.JvmDefaultWithoutCompatibility has malformed kotlin.Metadata: java.lang.IllegalArgumentException: Provided Metadata instance has version 2.3.0, while maximum supported version is 2.2.0. To support newer versions, update the kotlin-metadata-jvm library.
2026-05-27T01:03:59.6038777+05:30 Info: Class kotlin.io.TerminateException has malformed kotlin.Metadata: java.lang.IllegalArgumentException: Provided Metadata instance has version 2.3.0, while maximum supported version is 2.2.0. To support newer versions, update the kotlin-metadata-jvm library.
2026-05-27T01:03:59.6084156+05:30 Info: Class kotlin.sequences.SequencesKt___SequencesKt$runningReduce$1 has malformed kotlin.Metadata: java.lang.IllegalArgumentException: Provided Metadata instance has version 2.3.0, while maximum supported version is 2.2.0. To support newer versions, update the kotlin-metadata-jvm library.
2026-05-27T01:03:59.6430900+05:30 Info: Class kotlin.collections.EmptyList has malformed kotlin.Metadata: java.lang.IllegalArgumentException: Provided Metadata instance has version 2.3.0, while maximum supported version is 2.2.0. To support newer versions, update the kotlin-metadata-jvm library.
2026-05-27T01:03:59.6445969+05:30 Info: Class kotlin.collections.ReversedListReadOnly has malformed kotlin.Metadata: java.lang.IllegalArgumentException: Provided Metadata instance has version 2.3.0, while maximum supported version is 2.2.0. To support newer versions, update the kotlin-metadata-jvm library.
2026-05-27T01:03:59.6455962+05:30 Info: Class kotlin.text.MatcherMatchResult$groups$1 has malformed kotlin.Metadata: java.lang.IllegalArgumentException: Provided Metadata instance has version 2.3.0, while maximum supported version is 2.2.0. To support newer versions, update the kotlin-metadata-jvm library.
2026-05-27T01:03:59.6465961+05:30 Info: Class kotlin.Triple has malformed kotlin.Metadata: java.lang.IllegalArgumentException: Provided Metadata instance has version 2.3.0, while maximum supported version is 2.2.0. To support newer versions, update the kotlin-metadata-jvm library.
2026-05-27T01:03:59.6521027+05:30 Info: Class kotlin.reflect.KProperty has malformed kotlin.Metadata: java.lang.IllegalArgumentException: Provided Metadata instance has version 2.3.0, while maximum supported version is 2.2.0. To support newer versions, update the kotlin-metadata-jvm library.
2026-05-27T01:03:59.6541020+05:30 Info: Class kotlin.time.InstantFormatException has malformed kotlin.Metadata: java.lang.IllegalArgumentException: Provided Metadata instance has version 2.3.0, while maximum supported version is 2.2.0. To support newer versions, update the kotlin-metadata-jvm library.
2026-05-27T01:03:59.6546153+05:30 Info: Class kotlin.collections.SlidingWindowKt$windowedIterator$1 has malformed kotlin.Metadata: java.lang.IllegalArgumentException: Provided Metadata instance has version 2.3.0, while maximum supported version is 2.2.0. To support newer versions, update the kotlin-metadata-jvm library.
2026-05-27T01:03:59.6566096+05:30 Info: Class kotlin.io.path.FileVisitorBuilder has malformed kotlin.Metadata: java.lang.IllegalArgumentException: Provided Metadata instance has version 2.3.0, while maximum supported version is 2.2.0. To support newer versions, update the kotlin-metadata-jvm library.
2026-05-27T01:03:59.6581257+05:30 Info: Class kotlin.ranges.LongRange has malformed kotlin.Metadata: java.lang.IllegalArgumentException: Provided Metadata instance has version 2.3.0, while maximum supported version is 2.2.0. To support newer versions, update the kotlin-metadata-jvm library.
2026-05-27T01:03:59.6591442+05:30 Info: Class kotlin.text.HexFormatKt has malformed kotlin.Metadata: java.lang.IllegalArgumentException: Provided Metadata instance has version 2.3.0, while maximum supported version is 2.2.0. To support newer versions, update the kotlin-metadata-jvm library.
2026-05-27T01:03:59.6601399+05:30 Info: Class kotlin.concurrent.atomics.AtomicArraysKt has malformed kotlin.Metadata: java.lang.IllegalArgumentException: Provided Metadata instance has version 2.3.0, while maximum supported version is 2.2.0. To support newer versions, update the kotlin-metadata-jvm library.
2026-05-27T01:03:59.6626515+05:30 Info: Class kotlin.collections.CollectionsKt__MutableCollectionsKt has malformed kotlin.Metadata: java.lang.IllegalArgumentException: Provided Metadata instance has version 2.3.0, while maximum supported version is 2.2.0. To support newer versions, update the kotlin-metadata-jvm library.
2026-05-27T01:03:59.6636458+05:30 Info: Class kotlin.collections.FloatIterator has malformed kotlin.Metadata: java.lang.IllegalArgumentException: Provided Metadata instance has version 2.3.0, while maximum supported version is 2.2.0. To support newer versions, update the kotlin-metadata-jvm library.
2026-05-27T01:03:59.6691830+05:30 Info: Class kotlin.comparisons.UComparisonsKt has malformed kotlin.Metadata: java.lang.IllegalArgumentException: Provided Metadata instance has version 2.3.0, while maximum supported version is 2.2.0. To support newer versions, update the kotlin-metadata-jvm library.
2026-05-27T01:03:59.6706970+05:30 Info: Class kotlin.ExceptionsKt__ExceptionsKt has malformed kotlin.Metadata: java.lang.IllegalArgumentException: Provided Metadata instance has version 2.3.0, while maximum supported version is 2.2.0. To support newer versions, update the kotlin-metadata-jvm library.
2026-05-27T01:03:59.6716900+05:30 Info: Class kotlin.io.path.PathsKt has malformed kotlin.Metadata: java.lang.IllegalArgumentException: Provided Metadata instance has version 2.3.0, while maximum supported version is 2.2.0. To support newer versions, update the kotlin-metadata-jvm library.
2026-05-27T01:03:59.6736897+05:30 Info: Class kotlin.jvm.JvmWildcard has malformed kotlin.Metadata: java.lang.IllegalArgumentException: Provided Metadata instance has version 2.3.0, while maximum supported version is 2.2.0. To support newer versions, update the kotlin-metadata-jvm library.
2026-05-27T01:03:59.6751990+05:30 Info: Class kotlin.reflect.TypesJVMKt has malformed kotlin.Metadata: java.lang.IllegalArgumentException: Provided Metadata instance has version 2.3.0, while maximum supported version is 2.2.0. To support newer versions, update the kotlin-metadata-jvm library.
2026-05-27T01:03:59.7458531+05:30 Info: Class kotlin.sequences.SequenceScope has malformed kotlin.Metadata: java.lang.IllegalArgumentException: Provided Metadata instance has version 2.3.0, while maximum supported version is 2.2.0. To support newer versions, update the kotlin-metadata-jvm library.
2026-05-27T01:03:59.7533764+05:30 Info: Class kotlin.text.LinesIterator$State has malformed kotlin.Metadata: java.lang.IllegalArgumentException: Provided Metadata instance has version 2.3.0, while maximum supported version is 2.2.0. To support newer versions, update the kotlin-metadata-jvm library.
2026-05-27T01:03:59.7553612+05:30 Info: Class kotlin.comparisons.ComparisonsKt__ComparisonsKt$thenByDescending$2 has malformed kotlin.Metadata: java.lang.IllegalArgumentException: Provided Metadata instance has version 2.3.0, while maximum supported version is 2.2.0. To support newer versions, update the kotlin-metadata-jvm library.
2026-05-27T01:03:59.7568794+05:30 Info: Class kotlin.coroutines.jvm.internal.ModuleNameRetriever$Cache has malformed kotlin.Metadata: java.lang.IllegalArgumentException: Provided Metadata instance has version 2.3.0, while maximum supported version is 2.2.0. To support newer versions, update the kotlin-metadata-jvm library.
2026-05-27T01:03:59.7578687+05:30 Info: Class kotlin.text.HexFormat$NumberHexFormat has malformed kotlin.Metadata: java.lang.IllegalArgumentException: Provided Metadata instance has version 2.3.0, while maximum supported version is 2.2.0. To support newer versions, update the kotlin-metadata-jvm library.
2026-05-27T01:03:59.7598683+05:30 Info: Class kotlin.ranges.RangesKt has malformed kotlin.Metadata: java.lang.IllegalArgumentException: Provided Metadata instance has version 2.3.0, while maximum supported version is 2.2.0. To support newer versions, update the kotlin-metadata-jvm library.
2026-05-27T01:03:59.7614269+05:30 Info: Class kotlin.io.NoSuchFileException has malformed kotlin.Metadata: java.lang.IllegalArgumentException: Provided Metadata instance has version 2.3.0, while maximum supported version is 2.2.0. To support newer versions, update the kotlin-metadata-jvm library.
2026-05-27T01:03:59.8412157+05:30 Info: Class kotlin.ranges.UIntRange has malformed kotlin.Metadata: java.lang.IllegalArgumentException: Provided Metadata instance has version 2.3.0, while maximum supported version is 2.2.0. To support newer versions, update the kotlin-metadata-jvm library.
2026-05-27T01:03:59.8432410+05:30 Info: Class kotlin.ranges.ClosedRange$DefaultImpls has malformed kotlin.Metadata: java.lang.IllegalArgumentException: Provided Metadata instance has version 2.3.0, while maximum supported version is 2.2.0. To support newer versions, update the kotlin-metadata-jvm library.
2026-05-27T01:03:59.8447473+05:30 Info: Class kotlin.coroutines.cancellation.CancellationExceptionKt has malformed kotlin.Metadata: java.lang.IllegalArgumentException: Provided Metadata instance has version 2.3.0, while maximum supported version is 2.2.0. To support newer versions, update the kotlin-metadata-jvm library.
2026-05-27T01:03:59.8457457+05:30 Info: Class kotlin.io.path.ExceptionsCollector has malformed kotlin.Metadata: java.lang.IllegalArgumentException: Provided Metadata instance has version 2.3.0, while maximum supported version is 2.2.0. To support newer versions, update the kotlin-metadata-jvm library.
2026-05-27T01:03:59.8472598+05:30 Info: Class kotlin.internal.UsedFromCompilerGeneratedCode has malformed kotlin.Metadata: java.lang.IllegalArgumentException: Provided Metadata instance has version 2.3.0, while maximum supported version is 2.2.0. To support newer versions, update the kotlin-metadata-jvm library.
2026-05-27T01:03:59.8572941+05:30 Info: Class kotlin.text.MatchResult$DefaultImpls has malformed kotlin.Metadata: java.lang.IllegalArgumentException: Provided Metadata instance has version 2.3.0, while maximum supported version is 2.2.0. To support newer versions, update the kotlin-metadata-jvm library.
2026-05-27T01:03:59.9521134+05:30 Info: Class kotlin.comparisons.ComparisonsKt__ComparisonsKt$thenByDescending$1 has malformed kotlin.Metadata: java.lang.IllegalArgumentException: Provided Metadata instance has version 2.3.0, while maximum supported version is 2.2.0. To support newer versions, update the kotlin-metadata-jvm library.
2026-05-27T01:03:59.9536244+05:30 Info: Class kotlin.contracts.ReturnsNotNull has malformed kotlin.Metadata: java.lang.IllegalArgumentException: Provided Metadata instance has version 2.3.0, while maximum supported version is 2.2.0. To support newer versions, update the kotlin-metadata-jvm library.
2026-05-27T01:03:59.9556238+05:30 Info: Class kotlin.coroutines.jvm.internal.RestrictedSuspendLambda has malformed kotlin.Metadata: java.lang.IllegalArgumentException: Provided Metadata instance has version 2.3.0, while maximum supported version is 2.2.0. To support newer versions, update the kotlin-metadata-jvm library.
2026-05-27T01:03:59.9571664+05:30 Info: Class kotlin.ranges.IntProgression$Companion has malformed kotlin.Metadata: java.lang.IllegalArgumentException: Provided Metadata instance has version 2.3.0, while maximum supported version is 2.2.0. To support newer versions, update the kotlin-metadata-jvm library.
2026-05-27T01:03:59.9596748+05:30 Info: Class kotlin.reflect.KFunction$DefaultImpls has malformed kotlin.Metadata: java.lang.IllegalArgumentException: Provided Metadata instance has version 2.3.0, while maximum supported version is 2.2.0. To support newer versions, update the kotlin-metadata-jvm library.
2026-05-27T01:03:59.9616694+05:30 Info: Class kotlin.text.StringsKt___StringsKt has malformed kotlin.Metadata: java.lang.IllegalArgumentException: Provided Metadata instance has version 2.3.0, while maximum supported version is 2.2.0. To support newer versions, update the kotlin-metadata-jvm library.
2026-05-27T01:03:59.9631797+05:30 Info: Class kotlin.coroutines.jvm.internal.CoroutineStackFrame has malformed kotlin.Metadata: java.lang.IllegalArgumentException: Provided Metadata instance has version 2.3.0, while maximum supported version is 2.2.0. To support newer versions, update the kotlin-metadata-jvm library.
2026-05-27T01:03:59.9706865+05:30 Info: Class kotlin.coroutines.CombinedContext$Serialized has malformed kotlin.Metadata: java.lang.IllegalArgumentException: Provided Metadata instance has version 2.3.0, while maximum supported version is 2.2.0. To support newer versions, update the kotlin-metadata-jvm library.
2026-05-27T01:03:59.9726852+05:30 Info: Class kotlin.jvm.JvmMultifileClass has malformed kotlin.Metadata: java.lang.IllegalArgumentException: Provided Metadata instance has version 2.3.0, while maximum supported version is 2.2.0. To support newer versions, update the kotlin-metadata-jvm library.
2026-05-27T01:03:59.9741939+05:30 Info: Class kotlin.jvm.internal.MutableLocalVariableReference has malformed kotlin.Metadata: java.lang.IllegalArgumentException: Provided Metadata instance has version 2.3.0, while maximum supported version is 2.2.0. To support newer versions, update the kotlin-metadata-jvm library.
2026-05-27T01:03:59.9751932+05:30 Info: Class kotlin.collections.builders.MapBuilder$Itr has malformed kotlin.Metadata: java.lang.IllegalArgumentException: Provided Metadata instance has version 2.3.0, while maximum supported version is 2.2.0. To support newer versions, update the kotlin-metadata-jvm library.
2026-05-27T01:03:59.9767085+05:30 Info: Class kotlin.collections.AbstractMutableMap has malformed kotlin.Metadata: java.lang.IllegalArgumentException: Provided Metadata instance has version 2.3.0, while maximum supported version is 2.2.0. To support newer versions, update the kotlin-metadata-jvm library.
2026-05-27T01:03:59.9777329+05:30 Info: Class kotlin.jvm.JvmClassMappingKt has malformed kotlin.Metadata: java.lang.IllegalArgumentException: Provided Metadata instance has version 2.3.0, while maximum supported version is 2.2.0. To support newer versions, update the kotlin-metadata-jvm library.
2026-05-27T01:03:59.9797247+05:30 Info: Class kotlin.sequences.SequencesKt___SequencesKt$asIterable$$inlined$Iterable$1 has malformed kotlin.Metadata: java.lang.IllegalArgumentException: Provided Metadata instance has version 2.3.0, while maximum supported version is 2.2.0. To support newer versions, update the kotlin-metadata-jvm library.
2026-05-27T01:03:59.9812399+05:30 Info: Class kotlin.time.MonoTimeSourceKt has malformed kotlin.Metadata: java.lang.IllegalArgumentException: Provided Metadata instance has version 2.3.0, while maximum supported version is 2.2.0. To support newer versions, update the kotlin-metadata-jvm library.
2026-05-27T01:03:59.9887662+05:30 Info: Class kotlin.comparisons.ComparisonsKt has malformed kotlin.Metadata: java.lang.IllegalArgumentException: Provided Metadata instance has version 2.3.0, while maximum supported version is 2.2.0. To support newer versions, update the kotlin-metadata-jvm library.
2026-05-27T01:03:59.9902767+05:30 Info: Class kotlin.ranges.LongProgressionIterator has malformed kotlin.Metadata: java.lang.IllegalArgumentException: Provided Metadata instance has version 2.3.0, while maximum supported version is 2.2.0. To support newer versions, update the kotlin-metadata-jvm library.
2026-05-27T01:04:00.0479549+05:30 Info: Class kotlin.reflect.KMutableProperty0$Setter has malformed kotlin.Metadata: java.lang.IllegalArgumentException: Provided Metadata instance has version 2.3.0, while maximum supported version is 2.2.0. To support newer versions, update the kotlin-metadata-jvm library.
2026-05-27T01:04:00.0524630+05:30 Info: Class kotlin.time.InstantSerialized$Companion has malformed kotlin.Metadata: java.lang.IllegalArgumentException: Provided Metadata instance has version 2.3.0, while maximum supported version is 2.2.0. To support newer versions, update the kotlin-metadata-jvm library.
2026-05-27T01:04:00.0539759+05:30 Info: Class kotlin.jvm.internal.CharSpreadBuilder has malformed kotlin.Metadata: java.lang.IllegalArgumentException: Provided Metadata instance has version 2.3.0, while maximum supported version is 2.2.0. To support newer versions, update the kotlin-metadata-jvm library.
2026-05-27T01:04:00.0579683+05:30 Info: Class kotlin.io.encoding.Base64 has malformed kotlin.Metadata: java.lang.IllegalArgumentException: Provided Metadata instance has version 2.3.0, while maximum supported version is 2.2.0. To support newer versions, update the kotlin-metadata-jvm library.
2026-05-27T01:04:00.1693113+05:30 Info: Class kotlin.text.StringsKt__StringNumberConversionsKt has malformed kotlin.Metadata: java.lang.IllegalArgumentException: Provided Metadata instance has version 2.3.0, while maximum supported version is 2.2.0. To support newer versions, update the kotlin-metadata-jvm library.
2026-05-27T01:04:00.1723094+05:30 Info: Class com.google.maps.android.quadtree.PointQuadTree$Item has malformed kotlin.Metadata: java.lang.IllegalArgumentException: Provided Metadata instance has version 2.3.0, while maximum supported version is 2.2.0. To support newer versions, update the kotlin-metadata-jvm library.
2026-05-27T01:04:00.1738217+05:30 Info: Class kotlin.concurrent.LocksKt has malformed kotlin.Metadata: java.lang.IllegalArgumentException: Provided Metadata instance has version 2.3.0, while maximum supported version is 2.2.0. To support newer versions, update the kotlin-metadata-jvm library.
2026-05-27T01:04:00.1748157+05:30 Info: Class kotlin.UnsafeLazyImpl has malformed kotlin.Metadata: java.lang.IllegalArgumentException: Provided Metadata instance has version 2.3.0, while maximum supported version is 2.2.0. To support newer versions, update the kotlin-metadata-jvm library.
2026-05-27T01:04:00.1773261+05:30 Info: Class kotlin.collections.builders.MapBuilder$EntryRef has malformed kotlin.Metadata: java.lang.IllegalArgumentException: Provided Metadata instance has version 2.3.0, while maximum supported version is 2.2.0. To support newer versions, update the kotlin-metadata-jvm library.
2026-05-27T01:04:00.1793192+05:30 Info: Class kotlin.ranges.ULongProgression$Companion has malformed kotlin.Metadata: java.lang.IllegalArgumentException: Provided Metadata instance has version 2.3.0, while maximum supported version is 2.2.0. To support newer versions, update the kotlin-metadata-jvm library.
2026-05-27T01:04:00.2687261+05:30 Info: Class kotlin.coroutines.intrinsics.IntrinsicsKt has malformed kotlin.Metadata: java.lang.IllegalArgumentException: Provided Metadata instance has version 2.3.0, while maximum supported version is 2.2.0. To support newer versions, update the kotlin-metadata-jvm library.
2026-05-27T01:04:00.2702388+05:30 Info: Class kotlin.collections.AbstractCollection has malformed kotlin.Metadata: java.lang.IllegalArgumentException: Provided Metadata instance has version 2.3.0, while maximum supported version is 2.2.0. To support newer versions, update the kotlin-metadata-jvm library.
2026-05-27T01:04:00.2722320+05:30 Info: Class com.google.maps.android.heatmaps.HeatmapTileProvider has malformed kotlin.Metadata: java.lang.IllegalArgumentException: Provided Metadata instance has version 2.3.0, while maximum supported version is 2.2.0. To support newer versions, update the kotlin-metadata-jvm library.
2026-05-27T01:04:00.2732307+05:30 Info: Class kotlin.reflect.KClass has malformed kotlin.Metadata: java.lang.IllegalArgumentException: Provided Metadata instance has version 2.3.0, while maximum supported version is 2.2.0. To support newer versions, update the kotlin-metadata-jvm library.
2026-05-27T01:04:00.2752303+05:30 Info: Class kotlin.io.encoding.Base64Kt has malformed kotlin.Metadata: java.lang.IllegalArgumentException: Provided Metadata instance has version 2.3.0, while maximum supported version is 2.2.0. To support newer versions, update the kotlin-metadata-jvm library.
2026-05-27T01:04:00.2772287+05:30 Info: Class kotlin.NotImplementedError has malformed kotlin.Metadata: java.lang.IllegalArgumentException: Provided Metadata instance has version 2.3.0, while maximum supported version is 2.2.0. To support newer versions, update the kotlin-metadata-jvm library.
2026-05-27T01:04:00.2797355+05:30 Info: Class kotlin.ExperimentalStdlibApi has malformed kotlin.Metadata: java.lang.IllegalArgumentException: Provided Metadata instance has version 2.3.0, while maximum supported version is 2.2.0. To support newer versions, update the kotlin-metadata-jvm library.
2026-05-27T01:04:00.2812496+05:30 Info: Class kotlin.coroutines.jvm.internal.DebugProbesKt has malformed kotlin.Metadata: java.lang.IllegalArgumentException: Provided Metadata instance has version 2.3.0, while maximum supported version is 2.2.0. To support newer versions, update the kotlin-metadata-jvm library.
2026-05-27T01:04:00.2852644+05:30 Info: Class kotlin.comparisons.ComparisonsKt__ComparisonsKt$compareByDescending$2 has malformed kotlin.Metadata: java.lang.IllegalArgumentException: Provided Metadata instance has version 2.3.0, while maximum supported version is 2.2.0. To support newer versions, update the kotlin-metadata-jvm library.
2026-05-27T01:04:00.2867694+05:30 Info: Class kotlin.jvm.internal.ArrayByteIterator has malformed kotlin.Metadata: java.lang.IllegalArgumentException: Provided Metadata instance has version 2.3.0, while maximum supported version is 2.2.0. To support newer versions, update the kotlin-metadata-jvm library.
2026-05-27T01:04:00.2877688+05:30 Info: Class kotlin.coroutines.AbstractCoroutineContextKey has malformed kotlin.Metadata: java.lang.IllegalArgumentException: Provided Metadata instance has version 2.3.0, while maximum supported version is 2.2.0. To support newer versions, update the kotlin-metadata-jvm library.
2026-05-27T01:04:00.3424749+05:30 Info: Class kotlin.ranges.OpenEndRange$DefaultImpls has malformed kotlin.Metadata: java.lang.IllegalArgumentException: Provided Metadata instance has version 2.3.0, while maximum supported version is 2.2.0. To support newer versions, update the kotlin-metadata-jvm library.
2026-05-27T01:04:00.3444664+05:30 Info: Class kotlin.random.KotlinRandom$Companion has malformed kotlin.Metadata: java.lang.IllegalArgumentException: Provided Metadata instance has version 2.3.0, while maximum supported version is 2.2.0. To support newer versions, update the kotlin-metadata-jvm library.
2026-05-27T01:04:00.3470029+05:30 Info: Class kotlin.random.PlatformRandom$Companion has malformed kotlin.Metadata: java.lang.IllegalArgumentException: Provided Metadata instance has version 2.3.0, while maximum supported version is 2.2.0. To support newer versions, update the kotlin-metadata-jvm library.
2026-05-27T01:04:00.3479969+05:30 Info: Class kotlin.jvm.internal.TypeReference$Companion has malformed kotlin.Metadata: java.lang.IllegalArgumentException: Provided Metadata instance has version 2.3.0, while maximum supported version is 2.2.0. To support newer versions, update the kotlin-metadata-jvm library.
2026-05-27T01:04:00.3535087+05:30 Info: Class kotlin.UShortKt has malformed kotlin.Metadata: java.lang.IllegalArgumentException: Provided Metadata instance has version 2.3.0, while maximum supported version is 2.2.0. To support newer versions, update the kotlin-metadata-jvm library.
2026-05-27T01:04:00.3550805+05:30 Info: Class kotlin.text.Regex$findAll$2 has malformed kotlin.Metadata: java.lang.IllegalArgumentException: Provided Metadata instance has version 2.3.0, while maximum supported version is 2.2.0. To support newer versions, update the kotlin-metadata-jvm library.
2026-05-27T01:04:00.3570574+05:30 Info: Class kotlin.coroutines.jvm.internal.RunSuspendKt has malformed kotlin.Metadata: java.lang.IllegalArgumentException: Provided Metadata instance has version 2.3.0, while maximum supported version is 2.2.0. To support newer versions, update the kotlin-metadata-jvm library.
2026-05-27T01:04:00.4373963+05:30 Info: Class kotlin.jvm.JvmRecord has malformed kotlin.Metadata: java.lang.IllegalArgumentException: Provided Metadata instance has version 2.3.0, while maximum supported version is 2.2.0. To support newer versions, update the kotlin-metadata-jvm library.
2026-05-27T01:04:00.4383949+05:30 Info: Class kotlin.collections.unsigned.UArraysKt___UArraysKt has malformed kotlin.Metadata: java.lang.IllegalArgumentException: Provided Metadata instance has version 2.3.0, while maximum supported version is 2.2.0. To support newer versions, update the kotlin-metadata-jvm library.
2026-05-27T01:04:00.4399071+05:30 Info: Class kotlin.uuid.UuidSerialized has malformed kotlin.Metadata: java.lang.IllegalArgumentException: Provided Metadata instance has version 2.3.0, while maximum supported version is 2.2.0. To support newer versions, update the kotlin-metadata-jvm library.
2026-05-27T01:04:00.4419001+05:30 Info: Class kotlin.internal.jdk7.JDK7PlatformImplementations$ReflectSdkVersion has malformed kotlin.Metadata: java.lang.IllegalArgumentException: Provided Metadata instance has version 2.3.0, while maximum supported version is 2.2.0. To support newer versions, update the kotlin-metadata-jvm library.
2026-05-27T01:04:00.4428997+05:30 Info: Class kotlin.internal.UProgressionUtilKt has malformed kotlin.Metadata: java.lang.IllegalArgumentException: Provided Metadata instance has version 2.3.0, while maximum supported version is 2.2.0. To support newer versions, update the kotlin-metadata-jvm library.
2026-05-27T01:04:00.4444071+05:30 Info: Class kotlin.ExtensionFunctionType has malformed kotlin.Metadata: java.lang.IllegalArgumentException: Provided Metadata instance has version 2.3.0, while maximum supported version is 2.2.0. To support newer versions, update the kotlin-metadata-jvm library.
2026-05-27T01:04:00.4464066+05:30 Info: Class kotlin.time.DurationUnitKt has malformed kotlin.Metadata: java.lang.IllegalArgumentException: Provided Metadata instance has version 2.3.0, while maximum supported version is 2.2.0. To support newer versions, update the kotlin-metadata-jvm library.
2026-05-27T01:04:00.4479139+05:30 Info: Class kotlin.ranges.ClosedRange has malformed kotlin.Metadata: java.lang.IllegalArgumentException: Provided Metadata instance has version 2.3.0, while maximum supported version is 2.2.0. To support newer versions, update the kotlin-metadata-jvm library.
2026-05-27T01:04:00.4514218+05:30 Info: Class kotlin.collections.CollectionsKt__IteratorsKt has malformed kotlin.Metadata: java.lang.IllegalArgumentException: Provided Metadata instance has version 2.3.0, while maximum supported version is 2.2.0. To support newer versions, update the kotlin-metadata-jvm library.
2026-05-27T01:04:00.4534205+05:30 Info: Class kotlin.coroutines.jvm.internal.BaseContinuationImpl has malformed kotlin.Metadata: java.lang.IllegalArgumentException: Provided Metadata instance has version 2.3.0, while maximum supported version is 2.2.0. To support newer versions, update the kotlin-metadata-jvm library.
2026-05-27T01:04:00.4549279+05:30 Info: Class kotlin.sequences.TakeSequence$iterator$1 has malformed kotlin.Metadata: java.lang.IllegalArgumentException: Provided Metadata instance has version 2.3.0, while maximum supported version is 2.2.0. To support newer versions, update the kotlin-metadata-jvm library.
2026-05-27T01:04:00.4574415+05:30 Info: Class kotlin.io.FilesKt__FileTreeWalkKt has malformed kotlin.Metadata: java.lang.IllegalArgumentException: Provided Metadata instance has version 2.3.0, while maximum supported version is 2.2.0. To support newer versions, update the kotlin-metadata-jvm library.
2026-05-27T01:04:00.4594338+05:30 Info: Class kotlin.KotlinNothingValueException has malformed kotlin.Metadata: java.lang.IllegalArgumentException: Provided Metadata instance has version 2.3.0, while maximum supported version is 2.2.0. To support newer versions, update the kotlin-metadata-jvm library.
2026-05-27T01:04:00.4619396+05:30 Info: Class kotlin.collections.EmptySet has malformed kotlin.Metadata: java.lang.IllegalArgumentException: Provided Metadata instance has version 2.3.0, while maximum supported version is 2.2.0. To support newer versions, update the kotlin-metadata-jvm library.
2026-05-27T01:04:00.4629394+05:30 Info: Class kotlin.collections.ReversedListReadOnly$listIterator$1 has malformed kotlin.Metadata: java.lang.IllegalArgumentException: Provided Metadata instance has version 2.3.0, while maximum supported version is 2.2.0. To support newer versions, update the kotlin-metadata-jvm library.
2026-05-27T01:04:00.5524098+05:30 Info: Class kotlin.collections.builders.ListBuilder$Companion has malformed kotlin.Metadata: java.lang.IllegalArgumentException: Provided Metadata instance has version 2.3.0, while maximum supported version is 2.2.0. To support newer versions, update the kotlin-metadata-jvm library.
2026-05-27T01:04:00.5539178+05:30 Info: Class kotlin.annotation.Target has malformed kotlin.Metadata: java.lang.IllegalArgumentException: Provided Metadata instance has version 2.3.0, while maximum supported version is 2.2.0. To support newer versions, update the kotlin-metadata-jvm library.
2026-05-27T01:04:00.5559174+05:30 Info: Class kotlin.jvm.Transient has malformed kotlin.Metadata: java.lang.IllegalArgumentException: Provided Metadata instance has version 2.3.0, while maximum supported version is 2.2.0. To support newer versions, update the kotlin-metadata-jvm library.
2026-05-27T01:04:00.5574252+05:30 Info: Class kotlin.sequences.DistinctIterator has malformed kotlin.Metadata: java.lang.IllegalArgumentException: Provided Metadata instance has version 2.3.0, while maximum supported version is 2.2.0. To support newer versions, update the kotlin-metadata-jvm library.
2026-05-27T01:04:00.5584249+05:30 Info: Class kotlin.jvm.internal.markers.KMutableMap has malformed kotlin.Metadata: java.lang.IllegalArgumentException: Provided Metadata instance has version 2.3.0, while maximum supported version is 2.2.0. To support newer versions, update the kotlin-metadata-jvm library.
2026-05-27T01:04:00.6421174+05:30 Info: Class kotlin.time.DurationUnitKt__DurationUnitJvmKt$WhenMappings has malformed kotlin.Metadata: java.lang.IllegalArgumentException: Provided Metadata instance has version 2.3.0, while maximum supported version is 2.2.0. To support newer versions, update the kotlin-metadata-jvm library.
2026-05-27T01:04:00.6431169+05:30 Info: Class kotlin.random.RandomKt has malformed kotlin.Metadata: java.lang.IllegalArgumentException: Provided Metadata instance has version 2.3.0, while maximum supported version is 2.2.0. To support newer versions, update the kotlin-metadata-jvm library.
2026-05-27T01:04:00.6446306+05:30 Info: Class kotlin.time.InstantParseResult has malformed kotlin.Metadata: java.lang.IllegalArgumentException: Provided Metadata instance has version 2.3.0, while maximum supported version is 2.2.0. To support newer versions, update the kotlin-metadata-jvm library.
2026-05-27T01:04:00.7755691+05:30 Info: Class kotlin.ParameterName has malformed kotlin.Metadata: java.lang.IllegalArgumentException: Provided Metadata instance has version 2.3.0, while maximum supported version is 2.2.0. To support newer versions, update the kotlin-metadata-jvm library.
2026-05-27T01:04:00.7780745+05:30 Info: Class kotlin.collections.CollectionsKt__IteratorsJVMKt$iterator$1 has malformed kotlin.Metadata: java.lang.IllegalArgumentException: Provided Metadata instance has version 2.3.0, while maximum supported version is 2.2.0. To support newer versions, update the kotlin-metadata-jvm library.
2026-05-27T01:04:00.7800674+05:30 Info: Class kotlin.text.Typography has malformed kotlin.Metadata: java.lang.IllegalArgumentException: Provided Metadata instance has version 2.3.0, while maximum supported version is 2.2.0. To support newer versions, update the kotlin-metadata-jvm library.
2026-05-27T01:04:00.7820886+05:30 Info: Class kotlin.io.encoding.StreamEncodingKt has malformed kotlin.Metadata: java.lang.IllegalArgumentException: Provided Metadata instance has version 2.3.0, while maximum supported version is 2.2.0. To support newer versions, update the kotlin-metadata-jvm library.
2026-05-27T01:04:00.7861071+05:30 Info: Class kotlin.io.FileTreeWalk$WalkState has malformed kotlin.Metadata: java.lang.IllegalArgumentException: Provided Metadata instance has version 2.3.0, while maximum supported version is 2.2.0. To support newer versions, update the kotlin-metadata-jvm library.
2026-05-27T01:04:00.7870996+05:30 Info: Class kotlin.ranges.CharRange has malformed kotlin.Metadata: java.lang.IllegalArgumentException: Provided Metadata instance has version 2.3.0, while maximum supported version is 2.2.0. To support newer versions, update the kotlin-metadata-jvm library.
2026-05-27T01:04:00.7896113+05:30 Info: Class kotlin.text.MatchGroup has malformed kotlin.Metadata: java.lang.IllegalArgumentException: Provided Metadata instance has version 2.3.0, while maximum supported version is 2.2.0. To support newer versions, update the kotlin-metadata-jvm library.
2026-05-27T01:04:00.7906270+05:30 Info: Class kotlin.sequences.SequencesKt__SequencesKt$sequenceOf$1$1 has malformed kotlin.Metadata: java.lang.IllegalArgumentException: Provided Metadata instance has version 2.3.0, while maximum supported version is 2.2.0. To support newer versions, update the kotlin-metadata-jvm library.
2026-05-27T01:04:00.7926222+05:30 Info: Class kotlin.jvm.JvmInline has malformed kotlin.Metadata: java.lang.IllegalArgumentException: Provided Metadata instance has version 2.3.0, while maximum supported version is 2.2.0. To support newer versions, update the kotlin-metadata-jvm library.
2026-05-27T01:04:00.7936219+05:30 Info: Class kotlin.comparisons.ComparisonsKt__ComparisonsKt$compareByDescending$1 has malformed kotlin.Metadata: java.lang.IllegalArgumentException: Provided Metadata instance has version 2.3.0, while maximum supported version is 2.2.0. To support newer versions, update the kotlin-metadata-jvm library.
2026-05-27T01:04:00.8036306+05:30 Info: Class kotlin.io.FilesKt has malformed kotlin.Metadata: java.lang.IllegalArgumentException: Provided Metadata instance has version 2.3.0, while maximum supported version is 2.2.0. To support newer versions, update the kotlin-metadata-jvm library.
2026-05-27T01:04:00.8563168+05:30 Info: Class kotlin.random.PlatformRandom has malformed kotlin.Metadata: java.lang.IllegalArgumentException: Provided Metadata instance has version 2.3.0, while maximum supported version is 2.2.0. To support newer versions, update the kotlin-metadata-jvm library.
2026-05-27T01:04:00.8733594+05:30 Info: Class kotlin.text.Regex$Companion has malformed kotlin.Metadata: java.lang.IllegalArgumentException: Provided Metadata instance has version 2.3.0, while maximum supported version is 2.2.0. To support newer versions, update the kotlin-metadata-jvm library.
2026-05-27T01:04:00.8753582+05:30 Info: Class kotlin.io.ConstantsKt has malformed kotlin.Metadata: java.lang.IllegalArgumentException: Provided Metadata instance has version 2.3.0, while maximum supported version is 2.2.0. To support newer versions, update the kotlin-metadata-jvm library.
2026-05-27T01:04:00.8768729+05:30 Info: Class kotlin.time.Duration$Companion has malformed kotlin.Metadata: java.lang.IllegalArgumentException: Provided Metadata instance has version 2.3.0, while maximum supported version is 2.2.0. To support newer versions, update the kotlin-metadata-jvm library.
2026-05-27T01:04:00.8778654+05:30 Info: Class kotlin.annotation.AnnotationRetention has malformed kotlin.Metadata: java.lang.IllegalArgumentException: Provided Metadata instance has version 2.3.0, while maximum supported version is 2.2.0. To support newer versions, update the kotlin-metadata-jvm library.
2026-05-27T01:04:00.8798644+05:30 Info: Class kotlin.reflect.TypesJVMKt$typeToString$unwrap$1 has malformed kotlin.Metadata: java.lang.IllegalArgumentException: Provided Metadata instance has version 2.3.0, while maximum supported version is 2.2.0. To support newer versions, update the kotlin-metadata-jvm library.
2026-05-27T01:04:01.0645177+05:30 Info: Class kotlin.collections.SetsKt has malformed kotlin.Metadata: java.lang.IllegalArgumentException: Provided Metadata instance has version 2.3.0, while maximum supported version is 2.2.0. To support newer versions, update the kotlin-metadata-jvm library.
2026-05-27T01:04:01.4037244+05:30 Info: Class kotlin.collections.CollectionsKt___CollectionsKt$groupingBy$1 has malformed kotlin.Metadata: java.lang.IllegalArgumentException: Provided Metadata instance has version 2.3.0, while maximum supported version is 2.2.0. To support newer versions, update the kotlin-metadata-jvm library.
2026-05-27T01:04:01.4207763+05:30 Info: Class kotlin.jvm.internal.ArrayShortIterator has malformed kotlin.Metadata: java.lang.IllegalArgumentException: Provided Metadata instance has version 2.3.0, while maximum supported version is 2.2.0. To support newer versions, update the kotlin-metadata-jvm library.
2026-05-27T01:04:01.4804630+05:30 Info: Class kotlin.jvm.Synchronized has malformed kotlin.Metadata: java.lang.IllegalArgumentException: Provided Metadata instance has version 2.3.0, while maximum supported version is 2.2.0. To support newer versions, update the kotlin-metadata-jvm library.
2026-05-27T01:04:01.4824574+05:30 Info: Class kotlin.UNINITIALIZED_VALUE has malformed kotlin.Metadata: java.lang.IllegalArgumentException: Provided Metadata instance has version 2.3.0, while maximum supported version is 2.2.0. To support newer versions, update the kotlin-metadata-jvm library.
2026-05-27T01:04:01.5396764+05:30 Info: Class kotlin.collections.AbstractMap$keys$1 has malformed kotlin.Metadata: java.lang.IllegalArgumentException: Provided Metadata instance has version 2.3.0, while maximum supported version is 2.2.0. To support newer versions, update the kotlin-metadata-jvm library.
2026-05-27T01:04:01.5441751+05:30 Info: Class kotlin.comparisons.ComparisonsKt___ComparisonsKt has malformed kotlin.Metadata: java.lang.IllegalArgumentException: Provided Metadata instance has version 2.3.0, while maximum supported version is 2.2.0. To support newer versions, update the kotlin-metadata-jvm library.
2026-05-27T01:04:01.5461743+05:30 Info: Class kotlin.coroutines.CoroutineContext$Key has malformed kotlin.Metadata: java.lang.IllegalArgumentException: Provided Metadata instance has version 2.3.0, while maximum supported version is 2.2.0. To support newer versions, update the kotlin-metadata-jvm library.
2026-05-27T01:04:01.5586935+05:30 Info: Class kotlin.experimental.ExperimentalObjCName has malformed kotlin.Metadata: java.lang.IllegalArgumentException: Provided Metadata instance has version 2.3.0, while maximum supported version is 2.2.0. To support newer versions, update the kotlin-metadata-jvm library.
2026-05-27T01:04:01.5596918+05:30 Info: Class kotlin.sequences.SequencesKt___SequencesKt$flatMap$2 has malformed kotlin.Metadata: java.lang.IllegalArgumentException: Provided Metadata instance has version 2.3.0, while maximum supported version is 2.2.0. To support newer versions, update the kotlin-metadata-jvm library.
2026-05-27T01:04:01.5632173+05:30 Info: Class kotlin.ranges.CharProgressionIterator has malformed kotlin.Metadata: java.lang.IllegalArgumentException: Provided Metadata instance has version 2.3.0, while maximum supported version is 2.2.0. To support newer versions, update the kotlin-metadata-jvm library.
2026-05-27T01:04:01.5642168+05:30 Info: Class kotlin.time.Clock$Companion has malformed kotlin.Metadata: java.lang.IllegalArgumentException: Provided Metadata instance has version 2.3.0, while maximum supported version is 2.2.0. To support newer versions, update the kotlin-metadata-jvm library.
2026-05-27T01:04:01.5657289+05:30 Info: Class kotlin.Result$Failure has malformed kotlin.Metadata: java.lang.IllegalArgumentException: Provided Metadata instance has version 2.3.0, while maximum supported version is 2.2.0. To support newer versions, update the kotlin-metadata-jvm library.
2026-05-27T01:04:01.5732546+05:30 Info: Class kotlin.NumbersKt has malformed kotlin.Metadata: java.lang.IllegalArgumentException: Provided Metadata instance has version 2.3.0, while maximum supported version is 2.2.0. To support newer versions, update the kotlin-metadata-jvm library.
2026-05-27T01:04:01.5792702+05:30 Info: Class kotlin.text.StringsKt___StringsKt$asSequence$$inlined$Sequence$1 has malformed kotlin.Metadata: java.lang.IllegalArgumentException: Provided Metadata instance has version 2.3.0, while maximum supported version is 2.2.0. To support newer versions, update the kotlin-metadata-jvm library.
2026-05-27T01:04:01.5812686+05:30 Info: Class kotlin.sequences.SequencesKt__SequenceBuilderKt has malformed kotlin.Metadata: java.lang.IllegalArgumentException: Provided Metadata instance has version 2.3.0, while maximum supported version is 2.2.0. To support newer versions, update the kotlin-metadata-jvm library.
2026-05-27T01:04:01.5918016+05:30 Info: Class kotlin.io.FileTreeWalk$FileTreeWalkIterator$BottomUpDirectoryState has malformed kotlin.Metadata: java.lang.IllegalArgumentException: Provided Metadata instance has version 2.3.0, while maximum supported version is 2.2.0. To support newer versions, update the kotlin-metadata-jvm library.
2026-05-27T01:04:01.5948201+05:30 Info: Class kotlin.ArrayIntrinsicsKt has malformed kotlin.Metadata: java.lang.IllegalArgumentException: Provided Metadata instance has version 2.3.0, while maximum supported version is 2.2.0. To support newer versions, update the kotlin-metadata-jvm library.
2026-05-27T01:04:01.5993266+05:30 Info: Class kotlin.internal.PureReifiable has malformed kotlin.Metadata: java.lang.IllegalArgumentException: Provided Metadata instance has version 2.3.0, while maximum supported version is 2.2.0. To support newer versions, update the kotlin-metadata-jvm library.
2026-05-27T01:04:01.6073673+05:30 Info: Class kotlin.collections.GroupingKt__GroupingJVMKt has malformed kotlin.Metadata: java.lang.IllegalArgumentException: Provided Metadata instance has version 2.3.0, while maximum supported version is 2.2.0. To support newer versions, update the kotlin-metadata-jvm library.
2026-05-27T01:04:01.6098884+05:30 Info: Class kotlin.collections.RingBuffer$iterator$1 has malformed kotlin.Metadata: java.lang.IllegalArgumentException: Provided Metadata instance has version 2.3.0, while maximum supported version is 2.2.0. To support newer versions, update the kotlin-metadata-jvm library.
2026-05-27T01:04:01.6118865+05:30 Info: Class kotlin.jvm.internal.CharCompanionObject has malformed kotlin.Metadata: java.lang.IllegalArgumentException: Provided Metadata instance has version 2.3.0, while maximum supported version is 2.2.0. To support newer versions, update the kotlin-metadata-jvm library.
2026-05-27T01:04:01.6134271+05:30 Info: Class kotlin.math.Constants has malformed kotlin.Metadata: java.lang.IllegalArgumentException: Provided Metadata instance has version 2.3.0, while maximum supported version is 2.2.0. To support newer versions, update the kotlin-metadata-jvm library.
2026-05-27T01:04:01.6144215+05:30 Info: Class kotlin.properties.ReadOnlyProperty has malformed kotlin.Metadata: java.lang.IllegalArgumentException: Provided Metadata instance has version 2.3.0, while maximum supported version is 2.2.0. To support newer versions, update the kotlin-metadata-jvm library.
2026-05-27T01:04:01.6154202+05:30 Info: Class kotlin.sequences.SequencesKt___SequencesKt$runningReduceIndexed$1 has malformed kotlin.Metadata: java.lang.IllegalArgumentException: Provided Metadata instance has version 2.3.0, while maximum supported version is 2.2.0. To support newer versions, update the kotlin-metadata-jvm library.
2026-05-27T01:04:01.6214621+05:30 Info: Class kotlin.time.TimedValue has malformed kotlin.Metadata: java.lang.IllegalArgumentException: Provided Metadata instance has version 2.3.0, while maximum supported version is 2.2.0. To support newer versions, update the kotlin-metadata-jvm library.
2026-05-27T01:04:01.6234546+05:30 Info: Class kotlin.jvm.internal.ClassReference$Companion has malformed kotlin.Metadata: java.lang.IllegalArgumentException: Provided Metadata instance has version 2.3.0, while maximum supported version is 2.2.0. To support newer versions, update the kotlin-metadata-jvm library.
2026-05-27T01:04:01.6254536+05:30 Info: Class kotlin.comparisons.ComparisonsKt__ComparisonsKt has malformed kotlin.Metadata: java.lang.IllegalArgumentException: Provided Metadata instance has version 2.3.0, while maximum supported version is 2.2.0. To support newer versions, update the kotlin-metadata-jvm library.
2026-05-27T01:04:01.6269615+05:30 Info: Class kotlin.coroutines.jvm.internal.ModuleNameRetriever has malformed kotlin.Metadata: java.lang.IllegalArgumentException: Provided Metadata instance has version 2.3.0, while maximum supported version is 2.2.0. To support newer versions, update the kotlin-metadata-jvm library.
2026-05-27T01:04:01.6279601+05:30 Info: Class kotlin.ULongKt has malformed kotlin.Metadata: java.lang.IllegalArgumentException: Provided Metadata instance has version 2.3.0, while maximum supported version is 2.2.0. To support newer versions, update the kotlin-metadata-jvm library.
2026-05-27T01:04:01.9535709+05:30 Info: Class kotlin.concurrent.VolatileKt has malformed kotlin.Metadata: java.lang.IllegalArgumentException: Provided Metadata instance has version 2.3.0, while maximum supported version is 2.2.0. To support newer versions, update the kotlin-metadata-jvm library.
2026-05-27T01:04:01.9560771+05:30 Info: Class kotlin.io.path.PathTreeWalk$dfsIterator$1 has malformed kotlin.Metadata: java.lang.IllegalArgumentException: Provided Metadata instance has version 2.3.0, while maximum supported version is 2.2.0. To support newer versions, update the kotlin-metadata-jvm library.
2026-05-27T01:04:01.9891727+05:30 Info: Class kotlin.collections.ReversedList has malformed kotlin.Metadata: java.lang.IllegalArgumentException: Provided Metadata instance has version 2.3.0, while maximum supported version is 2.2.0. To support newer versions, update the kotlin-metadata-jvm library.
2026-05-27T01:10:20.8531594+05:30 Running Gradle task 'assembleRelease'...                          836.3s
2026-05-27T01:10:22.0029798+05:30 ΓêÜ Built build\app\outputs\flutter-apk\app-release.apk (97.1MB)
2026-05-27T01:10:22.3729200+05:30 BUILD_OK C:\Users\Sukoon\cursr\Sukoon-Homes-1.4.3-88-FINAL.apk size=101838269
